server_name,snapshot_date,storage_used_gb
Server1,2023-01-01,201.82
Server1,2023-01-02,202.18
Server1,2023-01-03,202.52
Server1,2023-01-04,203.3
Server1,2023-01-05,202.95
Server1,2023-01-06,202.98
Server1,2023-01-07,202.08
Server1,2023-01-08,201.93
Server1,2023-01-09,202.23
Server1,2023-01-10,201.86
Server1,2023-01-11,202.0
Server1,2023-01-12,202.02
Server1,2023-01-13,202.13
Server1,2023-01-14,202.02
Server1,2023-01-15,201.85
Server1,2023-01-16,201.9
Server1,2023-01-17,202.11
Server1,2023-01-18,201.82
Server1,2023-01-19,201.99
Server1,2023-01-20,202.08
Server1,2023-01-21,202.74
Server1,2023-01-22,202.79
Server1,2023-01-23,202.63
Server1,2023-01-24,203.69
Server1,2023-01-25,202.77
Server1,2023-01-26,203.43
Server1,2023-01-27,203.92
Server1,2023-01-28,203.47
Server1,2023-01-29,204.14
Server1,2023-01-30,204.42
Server1,2023-01-31,204.33
Server1,2023-02-01,203.85
Server1,2023-02-02,204.23
Server1,2023-02-03,203.98
Server1,2023-02-04,203.39
Server1,2023-02-05,203.32
Server1,2023-02-06,203.18
Server1,2023-02-07,203.32
Server1,2023-02-08,203.33
Server1,2023-02-09,204.03
Server1,2023-02-10,204.48
Server1,2023-02-11,204.49
Server1,2023-02-12,204.14
Server1,2023-02-13,204.83
Server1,2023-02-14,205.33
Server1,2023-02-15,206.75
Server1,2023-02-16,206.99
Server1,2023-02-17,207.91
Server1,2023-02-18,208.24
Server1,2023-02-19,208.38
Server1,2023-02-20,207.73
Server1,2023-02-21,208.19
Server1,2023-02-22,207.86
Server1,2023-02-23,207.71
Server1,2023-02-24,207.79
Server1,2023-02-25,207.75
Server1,2023-02-26,207.07
Server1,2023-02-27,206.77
Server1,2023-02-28,207.33
Server1,2023-03-01,207.77
Server1,2023-03-02,208.22
Server1,2023-03-03,208.41
Server1,2023-03-04,208.84
Server1,2023-03-05,209.06
Server1,2023-03-06,209.08
Server1,2023-03-07,209.76
Server1,2023-03-08,209.74
Server1,2023-03-09,209.45
Server1,2023-03-10,210.16
Server1,2023-03-11,210.87
Server1,2023-03-12,210.19
Server1,2023-03-13,210.61
Server1,2023-03-14,209.68
Server1,2023-03-15,210.32
Server1,2023-03-16,209.95
Server1,2023-03-17,210.44
Server1,2023-03-18,210.24
Server1,2023-03-19,210.5
Server1,2023-03-20,209.91
Server1,2023-03-21,209.87
Server1,2023-03-22,209.94
Server1,2023-03-23,210.52
Server1,2023-03-24,211.52
Server1,2023-03-25,211.91
Server1,2023-03-26,212.16
Server1,2023-03-27,211.75
Server1,2023-03-28,211.14
Server1,2023-03-29,211.33
Server1,2023-03-30,211.5
Server1,2023-03-31,211.9
Server1,2023-04-01,212.36
Server1,2023-04-02,212.64
Server1,2023-04-03,212.0
Server1,2023-04-04,212.55
Server1,2023-04-05,212.6
Server1,2023-04-06,212.22
Server1,2023-04-07,212.11
Server1,2023-04-08,211.51
Server1,2023-04-09,211.44
Server1,2023-04-10,211.92
Server1,2023-04-11,211.85
Server1,2023-04-12,211.52
Server1,2023-04-13,211.49
Server1,2023-04-14,211.82
Server1,2023-04-15,211.25
Server1,2023-04-16,210.84
Server1,2023-04-17,211.0
Server1,2023-04-18,210.48
Server1,2023-04-19,211.55
Server1,2023-04-20,211.57
Server1,2023-04-21,211.22
Server1,2023-04-22,210.91
Server1,2023-04-23,210.77
Server1,2023-04-24,210.58
Server1,2023-04-25,209.64
Server1,2023-04-26,210.37
Server1,2023-04-27,210.46
Server1,2023-04-28,210.55
Server1,2023-04-29,211.06
Server1,2023-04-30,210.63
Server1,2023-05-01,210.35
Server1,2023-05-02,210.68
Server1,2023-05-03,210.75
Server1,2023-05-04,211.02
Server1,2023-05-05,211.08
Server1,2023-05-06,211.06
Server1,2023-05-07,211.88
Server1,2023-05-08,212.51
Server1,2023-05-09,211.36
Server1,2023-05-10,212.2
Server1,2023-05-11,213.38
Server1,2023-05-12,214.1
Server1,2023-05-13,214.09
Server1,2023-05-14,213.84
Server1,2023-05-15,214.31
Server1,2023-05-16,214.1
Server1,2023-05-17,214.38
Server1,2023-05-18,214.46
Server1,2023-05-19,215.17
Server1,2023-05-20,215.08
Server1,2023-05-21,214.96
Server1,2023-05-22,215.25
Server1,2023-05-23,216.31
Server1,2023-05-24,216.45
Server1,2023-05-25,216.35
Server1,2023-05-26,216.87
Server1,2023-05-27,217.33
Server1,2023-05-28,216.96
Server1,2023-05-29,216.79
Server1,2023-05-30,217.44
Server1,2023-05-31,217.75
Server1,2023-06-01,216.62
Server1,2023-06-02,216.96
Server1,2023-06-03,217.52
Server1,2023-06-04,217.2
Server1,2023-06-05,217.64
Server1,2023-06-06,218.68
Server1,2023-06-07,218.98
Server1,2023-06-08,218.76
Server1,2023-06-09,218.6
Server1,2023-06-10,218.71
Server1,2023-06-11,219.0
Server1,2023-06-12,219.13
Server1,2023-06-13,219.48
Server1,2023-06-14,219.51
Server1,2023-06-15,219.7
Server1,2023-06-16,220.28
Server1,2023-06-17,219.85
Server1,2023-06-18,220.0
Server1,2023-06-19,220.15
Server1,2023-06-20,220.71
Server1,2023-06-21,220.7
Server1,2023-06-22,221.13
Server1,2023-06-23,221.78
Server1,2023-06-24,220.95
Server1,2023-06-25,221.64
Server1,2023-06-26,221.25
Server1,2023-06-27,220.8
Server1,2023-06-28,219.46
Server1,2023-06-29,219.16
Server1,2023-06-30,219.25
Server1,2023-07-01,219.16
Server1,2023-07-02,219.03
Server1,2023-07-03,218.58
Server1,2023-07-04,219.11
Server1,2023-07-05,219.69
Server1,2023-07-06,220.0
Server1,2023-07-07,219.15
Server1,2023-07-08,220.39
Server1,2023-07-09,220.56
Server1,2023-07-10,220.93
Server1,2023-07-11,220.28
Server1,2023-07-12,220.38
Server1,2023-07-13,220.69
Server1,2023-07-14,220.72
Server1,2023-07-15,221.25
Server1,2023-07-16,222.0
Server1,2023-07-17,221.43
Server1,2023-07-18,221.95
Server1,2023-07-19,222.25
Server1,2023-07-20,222.35
Server1,2023-07-21,221.66
Server1,2023-07-22,222.5
Server1,2023-07-23,222.8
Server1,2023-07-24,222.01
Server1,2023-07-25,221.99
Server1,2023-07-26,222.25
Server1,2023-07-27,222.61
Server1,2023-07-28,222.64
Server1,2023-07-29,222.91
Server1,2023-07-30,224.07
Server1,2023-07-31,224.95
Server1,2023-08-01,224.57
Server1,2023-08-02,224.37
Server1,2023-08-03,224.42
Server1,2023-08-04,223.64
Server1,2023-08-05,223.07
Server1,2023-08-06,222.36
Server1,2023-08-07,221.89
Server1,2023-08-08,222.68
Server1,2023-08-09,222.35
Server1,2023-08-10,221.94
Server1,2023-08-11,222.48
Server1,2023-08-12,222.36
Server1,2023-08-13,222.67
Server1,2023-08-14,222.4
Server1,2023-08-15,221.6
Server1,2023-08-16,221.94
Server1,2023-08-17,221.26
Server1,2023-08-18,221.1
Server1,2023-08-19,220.84
Server1,2023-08-20,221.04
Server1,2023-08-21,220.86
Server1,2023-08-22,220.89
Server1,2023-08-23,220.21
Server1,2023-08-24,221.31
Server1,2023-08-25,220.81
Server1,2023-08-26,221.51
Server1,2023-08-27,221.69
Server1,2023-08-28,221.86
Server1,2023-08-29,222.14
Server1,2023-08-30,221.3
Server1,2023-08-31,221.88
Server1,2023-09-01,221.72
Server1,2023-09-02,222.43
Server1,2023-09-03,222.45
Server1,2023-09-04,222.37
Server1,2023-09-05,221.82
Server1,2023-09-06,221.54
Server1,2023-09-07,221.85
Server1,2023-09-08,221.3
Server1,2023-09-09,220.4
Server1,2023-09-10,220.07
Server1,2023-09-11,220.59
Server1,2023-09-12,221.58
Server1,2023-09-13,221.34
Server1,2023-09-14,220.67
Server1,2023-09-15,220.6
Server1,2023-09-16,220.79
Server1,2023-09-17,221.18
Server1,2023-09-18,222.35
Server1,2023-09-19,222.56
Server1,2023-09-20,223.49
Server1,2023-09-21,223.36
Server1,2023-09-22,223.5
Server1,2023-09-23,223.3
Server1,2023-09-24,223.06
Server1,2023-09-25,223.03
Server1,2023-09-26,222.99
Server1,2023-09-27,222.79
Server1,2023-09-28,222.61
Server1,2023-09-29,223.26
Server1,2023-09-30,224.42
Server1,2023-10-01,224.27
Server1,2023-10-02,224.21
Server1,2023-10-03,224.57
Server1,2023-10-04,226.26
Server1,2023-10-05,226.41
Server1,2023-10-06,226.99
Server1,2023-10-07,227.86
Server1,2023-10-08,228.14
Server1,2023-10-09,228.7
Server1,2023-10-10,229.1
Server1,2023-10-11,229.72
Server1,2023-10-12,229.3
Server1,2023-10-13,229.5
Server1,2023-10-14,229.84
Server1,2023-10-15,230.18
Server1,2023-10-16,230.85
Server1,2023-10-17,231.17
Server1,2023-10-18,230.7
Server1,2023-10-19,231.09
Server1,2023-10-20,230.75
Server1,2023-10-21,230.5
Server1,2023-10-22,230.39
Server1,2023-10-23,230.44
Server1,2023-10-24,229.77
Server1,2023-10-25,230.42
Server1,2023-10-26,229.95
Server1,2023-10-27,230.83
Server1,2023-10-28,230.37
Server1,2023-10-29,231.11
Server1,2023-10-30,231.2
Server1,2023-10-31,230.44
Server1,2023-11-01,230.02
Server1,2023-11-02,230.78
Server1,2023-11-03,231.1
Server1,2023-11-04,231.16
Server1,2023-11-05,230.16
Server1,2023-11-06,230.95
Server1,2023-11-07,231.99
Server1,2023-11-08,232.93
Server1,2023-11-09,232.72
Server1,2023-11-10,233.01
Server1,2023-11-11,233.36
Server1,2023-11-12,232.7
Server1,2023-11-13,232.89
Server1,2023-11-14,233.52
Server1,2023-11-15,234.0
Server1,2023-11-16,233.55
Server1,2023-11-17,233.22
Server1,2023-11-18,233.71
Server1,2023-11-19,234.13
Server1,2023-11-20,233.1
Server1,2023-11-21,231.97
Server1,2023-11-22,232.03
Server1,2023-11-23,231.84
Server1,2023-11-24,231.79
Server1,2023-11-25,231.69
Server1,2023-11-26,232.28
Server1,2023-11-27,232.43
Server1,2023-11-28,232.66
Server1,2023-11-29,232.09
Server1,2023-11-30,230.51
Server1,2023-12-01,231.17
Server1,2023-12-02,232.34
Server1,2023-12-03,232.27
Server1,2023-12-04,232.5
Server1,2023-12-05,232.76
Server1,2023-12-06,233.7
Server1,2023-12-07,234.24
Server1,2023-12-08,234.59
Server1,2023-12-09,234.72
Server1,2023-12-10,234.85
Server1,2023-12-11,234.23
Server1,2023-12-12,234.14
Server1,2023-12-13,234.68
Server1,2023-12-14,234.66
Server1,2023-12-15,234.78
Server1,2023-12-16,234.3
Server1,2023-12-17,234.62
Server1,2023-12-18,233.99
Server1,2023-12-19,234.23
Server1,2023-12-20,234.24
Server1,2023-12-21,233.47
Server1,2023-12-22,234.1
Server1,2023-12-23,234.12
Server1,2023-12-24,235.15
Server1,2023-12-25,235.99
Server1,2023-12-26,235.65
Server1,2023-12-27,235.35
Server1,2023-12-28,234.87
Server1,2023-12-29,234.17
Server1,2023-12-30,234.06
Server1,2023-12-31,234.89
Server1,2024-01-01,234.03
Server1,2024-01-02,234.55
Server1,2024-01-03,235.04
Server1,2024-01-04,235.42
Server1,2024-01-05,235.88
Server1,2024-01-06,235.43
Server1,2024-01-07,235.91
Server1,2024-01-08,235.74
Server1,2024-01-09,234.61
Server1,2024-01-10,234.74
Server1,2024-01-11,234.41
Server1,2024-01-12,235.19
Server1,2024-01-13,235.15
Server1,2024-01-14,235.27
Server1,2024-01-15,235.57
Server1,2024-01-16,235.53
Server1,2024-01-17,235.58
Server1,2024-01-18,236.1
Server1,2024-01-19,235.67
Server1,2024-01-20,235.42
Server1,2024-01-21,235.04
Server1,2024-01-22,235.85
Server1,2024-01-23,235.6
Server1,2024-01-24,235.63
Server1,2024-01-25,235.43
Server1,2024-01-26,235.38
Server1,2024-01-27,235.11
Server1,2024-01-28,235.44
Server1,2024-01-29,235.02
Server1,2024-01-30,234.44
Server1,2024-01-31,234.26
Server1,2024-02-01,233.96
Server1,2024-02-02,233.4
Server1,2024-02-03,233.33
Server1,2024-02-04,232.6
Server1,2024-02-05,233.57
Server1,2024-02-06,232.92
Server1,2024-02-07,232.7
Server1,2024-02-08,232.6
Server1,2024-02-09,233.54
Server1,2024-02-10,232.77
Server1,2024-02-11,232.94
Server1,2024-02-12,233.56
Server1,2024-02-13,233.51
Server1,2024-02-14,233.02
Server1,2024-02-15,233.07
Server1,2024-02-16,233.93
Server1,2024-02-17,233.73
Server1,2024-02-18,234.54
Server1,2024-02-19,234.77
Server1,2024-02-20,235.49
Server1,2024-02-21,235.7
Server1,2024-02-22,235.56
Server1,2024-02-23,236.48
Server1,2024-02-24,236.69
Server1,2024-02-25,236.87
Server1,2024-02-26,237.37
Server1,2024-02-27,237.94
Server1,2024-02-28,238.44
Server1,2024-02-29,237.87
Server1,2024-03-01,237.65
Server1,2024-03-02,237.42
Server1,2024-03-03,237.13
Server1,2024-03-04,236.8
Server1,2024-03-05,236.56
Server1,2024-03-06,236.83
Server1,2024-03-07,237.18
Server1,2024-03-08,237.27
Server1,2024-03-09,237.16
Server1,2024-03-10,237.9
Server1,2024-03-11,237.95
Server1,2024-03-12,238.52
Server1,2024-03-13,238.34
Server1,2024-03-14,238.64
Server1,2024-03-15,239.42
Server1,2024-03-16,238.21
Server1,2024-03-17,237.98
Server1,2024-03-18,238.38
Server1,2024-03-19,239.09
Server1,2024-03-20,239.29
Server1,2024-03-21,239.41
Server1,2024-03-22,240.32
Server1,2024-03-23,241.06
Server1,2024-03-24,240.72
Server1,2024-03-25,240.88
Server1,2024-03-26,241.16
Server1,2024-03-27,242.12
Server1,2024-03-28,242.65
Server1,2024-03-29,242.7
Server1,2024-03-30,242.91
Server1,2024-03-31,242.07
Server1,2024-04-01,242.65
Server1,2024-04-02,243.08
Server1,2024-04-03,243.78
Server1,2024-04-04,243.81
Server1,2024-04-05,243.97
Server1,2024-04-06,243.83
Server1,2024-04-07,243.36
Server1,2024-04-08,243.16
Server1,2024-04-09,242.35
Server1,2024-04-10,242.9
Server1,2024-04-11,241.92
Server1,2024-04-12,243.03
Server1,2024-04-13,242.25
Server1,2024-04-14,243.1
Server1,2024-04-15,242.75
Server1,2024-04-16,243.13
Server1,2024-04-17,242.85
Server1,2024-04-18,243.79
Server1,2024-04-19,243.91
Server1,2024-04-20,244.55
Server1,2024-04-21,244.69
Server1,2024-04-22,244.96
Server1,2024-04-23,245.37
Server1,2024-04-24,245.21
Server1,2024-04-25,244.67
Server1,2024-04-26,244.11
Server1,2024-04-27,244.24
Server1,2024-04-28,244.1
Server1,2024-04-29,243.12
Server1,2024-04-30,243.48
Server1,2024-05-01,242.97
Server1,2024-05-02,242.49
Server1,2024-05-03,242.57
Server1,2024-05-04,242.22
Server1,2024-05-05,242.38
Server1,2024-05-06,243.47
Server1,2024-05-07,243.38
Server1,2024-05-08,242.95
Server1,2024-05-09,243.14
Server1,2024-05-10,242.85
Server1,2024-05-11,242.96
Server1,2024-05-12,243.22
Server1,2024-05-13,243.3
Server1,2024-05-14,243.43
Server1,2024-05-15,243.63
Server1,2024-05-16,244.53
Server1,2024-05-17,244.5
Server1,2024-05-18,244.66
Server1,2024-05-19,245.2
Server1,2024-05-20,245.53
Server1,2024-05-21,245.45
Server1,2024-05-22,246.0
Server1,2024-05-23,245.67
Server1,2024-05-24,245.65
Server1,2024-05-25,245.37
Server1,2024-05-26,245.76
Server1,2024-05-27,246.45
Server1,2024-05-28,246.66
Server1,2024-05-29,246.8
Server1,2024-05-30,246.46
Server1,2024-05-31,246.21
Server1,2024-06-01,245.72
Server1,2024-06-02,244.73
Server1,2024-06-03,244.63
Server1,2024-06-04,244.58
Server1,2024-06-05,245.77
Server1,2024-06-06,246.65
Server1,2024-06-07,247.03
Server1,2024-06-08,248.17
Server1,2024-06-09,248.97
Server1,2024-06-10,248.06
Server1,2024-06-11,248.7
Server1,2024-06-12,249.15
Server1,2024-06-13,249.11
Server1,2024-06-14,248.5
Server1,2024-06-15,248.9
Server1,2024-06-16,247.96
Server1,2024-06-17,248.05
Server1,2024-06-18,247.84
Server1,2024-06-19,247.31
Server1,2024-06-20,248.0
Server1,2024-06-21,248.08
Server1,2024-06-22,248.27
Server1,2024-06-23,248.82
Server1,2024-06-24,248.92
Server1,2024-06-25,249.25
Server1,2024-06-26,249.75
Server1,2024-06-27,250.14
Server1,2024-06-28,250.38
Server1,2024-06-29,251.37
Server1,2024-06-30,252.09
Server1,2024-07-01,252.15
Server1,2024-07-02,251.79
Server1,2024-07-03,252.21
Server1,2024-07-04,252.42
Server1,2024-07-05,253.38
Server1,2024-07-06,253.97
Server1,2024-07-07,254.45
Server1,2024-07-08,254.56
Server1,2024-07-09,254.22
Server1,2024-07-10,254.22
Server1,2024-07-11,254.56
Server1,2024-07-12,253.8
Server1,2024-07-13,254.52
Server1,2024-07-14,255.65
Server1,2024-07-15,254.78
Server1,2024-07-16,254.18
Server1,2024-07-17,254.39
Server1,2024-07-18,254.2
Server1,2024-07-19,254.43
Server1,2024-07-20,254.5
Server1,2024-07-21,254.08
Server1,2024-07-22,254.83
Server1,2024-07-23,255.16
Server1,2024-07-24,254.98
Server1,2024-07-25,255.83
Server1,2024-07-26,255.68
Server1,2024-07-27,255.16
Server1,2024-07-28,255.35
Server1,2024-07-29,255.63
Server1,2024-07-30,255.99
Server1,2024-07-31,256.44
Server1,2024-08-01,256.8
Server1,2024-08-02,257.14
Server1,2024-08-03,256.95
Server1,2024-08-04,256.71
Server1,2024-08-05,257.18
Server1,2024-08-06,257.4
Server1,2024-08-07,257.91
Server1,2024-08-08,257.16
Server1,2024-08-09,257.01
Server1,2024-08-10,258.06
Server1,2024-08-11,258.44
Server1,2024-08-12,258.68
Server1,2024-08-13,259.14
Server1,2024-08-14,260.34
Server1,2024-08-15,261.44
Server1,2024-08-16,260.75
Server1,2024-08-17,260.25
Server1,2024-08-18,259.54
Server1,2024-08-19,259.27
Server1,2024-08-20,259.39
Server1,2024-08-21,259.62
Server1,2024-08-22,258.95
Server1,2024-08-23,258.12
Server1,2024-08-24,257.83
Server1,2024-08-25,258.39
Server1,2024-08-26,259.04
Server1,2024-08-27,259.99
Server1,2024-08-28,260.07
Server1,2024-08-29,260.59
Server1,2024-08-30,261.19
Server1,2024-08-31,261.04
Server1,2024-09-01,261.34
Server1,2024-09-02,261.77
Server1,2024-09-03,261.41
Server1,2024-09-04,262.33
Server1,2024-09-05,262.41
Server1,2024-09-06,262.56
Server1,2024-09-07,262.18
Server1,2024-09-08,261.89
Server1,2024-09-09,260.9
Server1,2024-09-10,261.02
Server1,2024-09-11,262.38
Server1,2024-09-12,261.97
Server1,2024-09-13,263.56
Server1,2024-09-14,264.36
Server1,2024-09-15,264.23
Server1,2024-09-16,264.34
Server1,2024-09-17,264.37
Server1,2024-09-18,265.33
Server1,2024-09-19,265.68
Server1,2024-09-20,266.37
Server1,2024-09-21,266.65
Server1,2024-09-22,266.7
Server1,2024-09-23,266.96
Server1,2024-09-24,266.86
Server1,2024-09-25,266.23
Server1,2024-09-26,266.74
Server1,2024-09-27,266.09
Server1,2024-09-28,266.05
Server1,2024-09-29,265.93
Server1,2024-09-30,266.36
Server1,2024-10-01,267.24
Server1,2024-10-02,267.94
Server1,2024-10-03,268.38
Server1,2024-10-04,268.16
Server1,2024-10-05,268.17
Server1,2024-10-06,268.1
Server1,2024-10-07,267.97
Server1,2024-10-08,267.87
Server1,2024-10-09,267.75
Server1,2024-10-10,267.62
Server1,2024-10-11,268.19
Server1,2024-10-12,267.77
Server1,2024-10-13,267.5
Server1,2024-10-14,266.81
Server1,2024-10-15,267.62
Server1,2024-10-16,267.32
Server1,2024-10-17,267.75
Server1,2024-10-18,268.09
Server1,2024-10-19,268.85
Server1,2024-10-20,268.84
Server1,2024-10-21,268.47
Server1,2024-10-22,267.79
Server1,2024-10-23,266.5
Server1,2024-10-24,266.68
Server1,2024-10-25,267.17
Server1,2024-10-26,267.5
Server1,2024-10-27,266.84
Server1,2024-10-28,267.46
Server1,2024-10-29,267.21
Server1,2024-10-30,266.85
Server1,2024-10-31,266.59
Server1,2024-11-01,266.73
Server1,2024-11-02,266.09
Server1,2024-11-03,266.17
Server1,2024-11-04,266.49
Server1,2024-11-05,267.14
Server1,2024-11-06,267.33
Server1,2024-11-07,266.76
Server1,2024-11-08,266.93
Server1,2024-11-09,266.5
Server1,2024-11-10,266.04
Server1,2024-11-11,265.46
Server1,2024-11-12,264.61
Server1,2024-11-13,264.42
Server1,2024-11-14,265.09
Server1,2024-11-15,266.32
Server1,2024-11-16,266.13
Server1,2024-11-17,266.77
Server1,2024-11-18,266.67
Server1,2024-11-19,265.95
Server1,2024-11-20,266.4
Server1,2024-11-21,266.62
Server1,2024-11-22,267.63
Server1,2024-11-23,266.96
Server1,2024-11-24,268.46
Server1,2024-11-25,269.35
Server1,2024-11-26,269.44
Server1,2024-11-27,269.39
Server1,2024-11-28,269.14
Server1,2024-11-29,269.29
Server1,2024-11-30,269.3
Server1,2024-12-01,269.66
Server1,2024-12-02,269.61
Server1,2024-12-03,270.42
Server1,2024-12-04,270.58
Server1,2024-12-05,270.55
Server1,2024-12-06,271.16
Server1,2024-12-07,270.45
Server1,2024-12-08,270.72
Server1,2024-12-09,270.83
Server1,2024-12-10,270.23
Server1,2024-12-11,269.48
Server1,2024-12-12,270.08
Server1,2024-12-13,270.66
Server1,2024-12-14,270.85
Server1,2024-12-15,271.81
Server1,2024-12-16,272.13
Server1,2024-12-17,272.85
Server1,2024-12-18,273.16
Server1,2024-12-19,273.12
Server1,2024-12-20,272.7
Server1,2024-12-21,272.49
Server1,2024-12-22,272.46
Server1,2024-12-23,273.25
Server1,2024-12-24,273.73
Server1,2024-12-25,274.0
Server1,2024-12-26,274.53
Server1,2024-12-27,274.9
Server1,2024-12-28,275.13
Server1,2024-12-29,274.48
Server1,2024-12-30,275.15
Server1,2024-12-31,275.02
Server2,2023-01-01,218.64
Server2,2023-01-02,219.12
Server2,2023-01-03,218.52
Server2,2023-01-04,219.24
Server2,2023-01-05,218.25
Server2,2023-01-06,217.48
Server2,2023-01-07,217.31
Server2,2023-01-08,217.89
Server2,2023-01-09,217.98
Server2,2023-01-10,217.91
Server2,2023-01-11,218.68
Server2,2023-01-12,219.86
Server2,2023-01-13,220.29
Server2,2023-01-14,220.08
Server2,2023-01-15,219.97
Server2,2023-01-16,219.43
Server2,2023-01-17,219.58
Server2,2023-01-18,218.87
Server2,2023-01-19,219.24
Server2,2023-01-20,220.34
Server2,2023-01-21,220.8
Server2,2023-01-22,220.67
Server2,2023-01-23,221.03
Server2,2023-01-24,221.94
Server2,2023-01-25,222.83
Server2,2023-01-26,222.43
Server2,2023-01-27,222.78
Server2,2023-01-28,222.8
Server2,2023-01-29,223.3
Server2,2023-01-30,223.6
Server2,2023-01-31,222.51
Server2,2023-02-01,222.44
Server2,2023-02-02,222.64
Server2,2023-02-03,222.02
Server2,2023-02-04,222.41
Server2,2023-02-05,221.75
Server2,2023-02-06,221.45
Server2,2023-02-07,222.22
Server2,2023-02-08,221.88
Server2,2023-02-09,222.26
Server2,2023-02-10,221.49
Server2,2023-02-11,222.63
Server2,2023-02-12,222.58
Server2,2023-02-13,222.72
Server2,2023-02-14,222.91
Server2,2023-02-15,223.32
Server2,2023-02-16,222.66
Server2,2023-02-17,222.76
Server2,2023-02-18,222.53
Server2,2023-02-19,221.78
Server2,2023-02-20,222.37
Server2,2023-02-21,222.3
Server2,2023-02-22,222.52
Server2,2023-02-23,222.71
Server2,2023-02-24,222.64
Server2,2023-02-25,223.73
Server2,2023-02-26,223.81
Server2,2023-02-27,223.13
Server2,2023-02-28,223.03
Server2,2023-03-01,223.38
Server2,2023-03-02,223.74
Server2,2023-03-03,223.3
Server2,2023-03-04,223.86
Server2,2023-03-05,223.08
Server2,2023-03-06,223.75
Server2,2023-03-07,223.19
Server2,2023-03-08,223.18
Server2,2023-03-09,223.81
Server2,2023-03-10,223.97
Server2,2023-03-11,224.48
Server2,2023-03-12,224.89
Server2,2023-03-13,225.63
Server2,2023-03-14,226.27
Server2,2023-03-15,226.14
Server2,2023-03-16,226.56
Server2,2023-03-17,225.89
Server2,2023-03-18,225.96
Server2,2023-03-19,226.47
Server2,2023-03-20,226.64
Server2,2023-03-21,226.96
Server2,2023-03-22,226.96
Server2,2023-03-23,227.62
Server2,2023-03-24,227.68
Server2,2023-03-25,227.55
Server2,2023-03-26,228.09
Server2,2023-03-27,227.49
Server2,2023-03-28,227.84
Server2,2023-03-29,227.42
Server2,2023-03-30,228.16
Server2,2023-03-31,228.13
Server2,2023-04-01,228.29
Server2,2023-04-02,228.6
Server2,2023-04-03,227.73
Server2,2023-04-04,227.51
Server2,2023-04-05,228.13
Server2,2023-04-06,228.67
Server2,2023-04-07,228.91
Server2,2023-04-08,228.33
Server2,2023-04-09,228.72
Server2,2023-04-10,229.18
Server2,2023-04-11,229.31
Server2,2023-04-12,230.02
Server2,2023-04-13,229.77
Server2,2023-04-14,229.62
Server2,2023-04-15,228.48
Server2,2023-04-16,229.04
Server2,2023-04-17,229.29
Server2,2023-04-18,228.55
Server2,2023-04-19,227.77
Server2,2023-04-20,227.44
Server2,2023-04-21,227.93
Server2,2023-04-22,227.88
Server2,2023-04-23,227.58
Server2,2023-04-24,227.18
Server2,2023-04-25,226.75
Server2,2023-04-26,225.89
Server2,2023-04-27,225.38
Server2,2023-04-28,224.95
Server2,2023-04-29,225.39
Server2,2023-04-30,225.41
Server2,2023-05-01,225.09
Server2,2023-05-02,226.35
Server2,2023-05-03,226.12
Server2,2023-05-04,226.8
Server2,2023-05-05,227.71
Server2,2023-05-06,227.03
Server2,2023-05-07,227.16
Server2,2023-05-08,227.0
Server2,2023-05-09,226.8
Server2,2023-05-10,227.18
Server2,2023-05-11,226.97
Server2,2023-05-12,226.82
Server2,2023-05-13,226.84
Server2,2023-05-14,226.75
Server2,2023-05-15,226.27
Server2,2023-05-16,226.76
Server2,2023-05-17,227.39
Server2,2023-05-18,227.66
Server2,2023-05-19,227.57
Server2,2023-05-20,227.32
Server2,2023-05-21,227.07
Server2,2023-05-22,228.35
Server2,2023-05-23,228.91
Server2,2023-05-24,228.59
Server2,2023-05-25,228.78
Server2,2023-05-26,228.7
Server2,2023-05-27,229.09
Server2,2023-05-28,229.46
Server2,2023-05-29,230.1
Server2,2023-05-30,229.78
Server2,2023-05-31,229.93
Server2,2023-06-01,229.15
Server2,2023-06-02,228.62
Server2,2023-06-03,229.17
Server2,2023-06-04,228.79
Server2,2023-06-05,228.47
Server2,2023-06-06,228.57
Server2,2023-06-07,229.01
Server2,2023-06-08,228.58
Server2,2023-06-09,226.94
Server2,2023-06-10,226.61
Server2,2023-06-11,227.31
Server2,2023-06-12,227.58
Server2,2023-06-13,228.34
Server2,2023-06-14,227.88
Server2,2023-06-15,227.16
Server2,2023-06-16,227.49
Server2,2023-06-17,227.71
Server2,2023-06-18,227.96
Server2,2023-06-19,228.53
Server2,2023-06-20,228.84
Server2,2023-06-21,229.14
Server2,2023-06-22,229.6
Server2,2023-06-23,229.95
Server2,2023-06-24,230.48
Server2,2023-06-25,231.08
Server2,2023-06-26,231.95
Server2,2023-06-27,231.73
Server2,2023-06-28,232.07
Server2,2023-06-29,231.98
Server2,2023-06-30,231.66
Server2,2023-07-01,231.42
Server2,2023-07-02,231.77
Server2,2023-07-03,232.08
Server2,2023-07-04,232.38
Server2,2023-07-05,232.36
Server2,2023-07-06,232.47
Server2,2023-07-07,232.97
Server2,2023-07-08,232.33
Server2,2023-07-09,232.44
Server2,2023-07-10,232.59
Server2,2023-07-11,233.06
Server2,2023-07-12,232.49
Server2,2023-07-13,233.34
Server2,2023-07-14,233.54
Server2,2023-07-15,233.78
Server2,2023-07-16,233.68
Server2,2023-07-17,234.04
Server2,2023-07-18,234.17
Server2,2023-07-19,234.87
Server2,2023-07-20,234.25
Server2,2023-07-21,234.44
Server2,2023-07-22,234.74
Server2,2023-07-23,234.75
Server2,2023-07-24,234.65
Server2,2023-07-25,234.57
Server2,2023-07-26,234.75
Server2,2023-07-27,233.95
Server2,2023-07-28,234.53
Server2,2023-07-29,234.39
Server2,2023-07-30,234.56
Server2,2023-07-31,234.84
Server2,2023-08-01,234.68
Server2,2023-08-02,234.71
Server2,2023-08-03,233.79
Server2,2023-08-04,234.26
Server2,2023-08-05,234.9
Server2,2023-08-06,234.15
Server2,2023-08-07,234.05
Server2,2023-08-08,233.53
Server2,2023-08-09,233.54
Server2,2023-08-10,233.97
Server2,2023-08-11,234.56
Server2,2023-08-12,235.22
Server2,2023-08-13,235.98
Server2,2023-08-14,235.96
Server2,2023-08-15,235.49
Server2,2023-08-16,235.53
Server2,2023-08-17,235.95
Server2,2023-08-18,235.44
Server2,2023-08-19,236.37
Server2,2023-08-20,236.92
Server2,2023-08-21,236.91
Server2,2023-08-22,236.66
Server2,2023-08-23,236.42
Server2,2023-08-24,236.56
Server2,2023-08-25,236.55
Server2,2023-08-26,237.12
Server2,2023-08-27,237.05
Server2,2023-08-28,237.4
Server2,2023-08-29,237.49
Server2,2023-08-30,237.72
Server2,2023-08-31,237.71
Server2,2023-09-01,238.16
Server2,2023-09-02,238.62
Server2,2023-09-03,238.95
Server2,2023-09-04,239.36
Server2,2023-09-05,238.98
Server2,2023-09-06,239.25
Server2,2023-09-07,239.97
Server2,2023-09-08,240.32
Server2,2023-09-09,239.9
Server2,2023-09-10,239.98
Server2,2023-09-11,240.26
Server2,2023-09-12,239.98
Server2,2023-09-13,239.41
Server2,2023-09-14,239.35
Server2,2023-09-15,239.08
Server2,2023-09-16,239.17
Server2,2023-09-17,238.47
Server2,2023-09-18,238.86
Server2,2023-09-19,238.64
Server2,2023-09-20,239.24
Server2,2023-09-21,239.2
Server2,2023-09-22,239.29
Server2,2023-09-23,239.3
Server2,2023-09-24,239.05
Server2,2023-09-25,240.39
Server2,2023-09-26,240.24
Server2,2023-09-27,240.85
Server2,2023-09-28,240.41
Server2,2023-09-29,240.69
Server2,2023-09-30,241.03
Server2,2023-10-01,241.12
Server2,2023-10-02,240.94
Server2,2023-10-03,240.9
Server2,2023-10-04,240.8
Server2,2023-10-05,242.1
Server2,2023-10-06,242.19
Server2,2023-10-07,242.55
Server2,2023-10-08,243.55
Server2,2023-10-09,243.21
Server2,2023-10-10,243.33
Server2,2023-10-11,243.29
Server2,2023-10-12,243.35
Server2,2023-10-13,243.36
Server2,2023-10-14,243.09
Server2,2023-10-15,243.29
Server2,2023-10-16,242.86
Server2,2023-10-17,243.45
Server2,2023-10-18,243.87
Server2,2023-10-19,243.72
Server2,2023-10-20,243.6
Server2,2023-10-21,243.83
Server2,2023-10-22,243.53
Server2,2023-10-23,244.54
Server2,2023-10-24,244.82
Server2,2023-10-25,245.12
Server2,2023-10-26,245.56
Server2,2023-10-27,245.37
Server2,2023-10-28,246.01
Server2,2023-10-29,246.17
Server2,2023-10-30,246.74
Server2,2023-10-31,246.75
Server2,2023-11-01,247.5
Server2,2023-11-02,247.8
Server2,2023-11-03,249.0
Server2,2023-11-04,248.91
Server2,2023-11-05,249.11
Server2,2023-11-06,248.7
Server2,2023-11-07,248.53
Server2,2023-11-08,248.94
Server2,2023-11-09,249.61
Server2,2023-11-10,251.19
Server2,2023-11-11,251.24
Server2,2023-11-12,250.87
Server2,2023-11-13,251.35
Server2,2023-11-14,250.89
Server2,2023-11-15,251.27
Server2,2023-11-16,251.12
Server2,2023-11-17,251.32
Server2,2023-11-18,251.97
Server2,2023-11-19,252.01
Server2,2023-11-20,252.58
Server2,2023-11-21,253.12
Server2,2023-11-22,252.29
Server2,2023-11-23,251.93
Server2,2023-11-24,251.25
Server2,2023-11-25,252.35
Server2,2023-11-26,252.4
Server2,2023-11-27,253.39
Server2,2023-11-28,252.68
Server2,2023-11-29,252.49
Server2,2023-11-30,252.99
Server2,2023-12-01,253.18
Server2,2023-12-02,253.55
Server2,2023-12-03,253.02
Server2,2023-12-04,253.81
Server2,2023-12-05,254.3
Server2,2023-12-06,254.6
Server2,2023-12-07,254.35
Server2,2023-12-08,254.62
Server2,2023-12-09,254.57
Server2,2023-12-10,253.84
Server2,2023-12-11,253.92
Server2,2023-12-12,253.94
Server2,2023-12-13,254.57
Server2,2023-12-14,253.55
Server2,2023-12-15,253.77
Server2,2023-12-16,253.29
Server2,2023-12-17,253.55
Server2,2023-12-18,253.84
Server2,2023-12-19,253.9
Server2,2023-12-20,254.4
Server2,2023-12-21,253.88
Server2,2023-12-22,254.53
Server2,2023-12-23,254.28
Server2,2023-12-24,253.6
Server2,2023-12-25,253.56
Server2,2023-12-26,252.62
Server2,2023-12-27,252.84
Server2,2023-12-28,252.81
Server2,2023-12-29,253.53
Server2,2023-12-30,253.96
Server2,2023-12-31,253.36
Server2,2024-01-01,253.04
Server2,2024-01-02,253.4
Server2,2024-01-03,253.92
Server2,2024-01-04,254.64
Server2,2024-01-05,255.34
Server2,2024-01-06,255.4
Server2,2024-01-07,255.68
Server2,2024-01-08,256.43
Server2,2024-01-09,256.38
Server2,2024-01-10,256.67
Server2,2024-01-11,256.6
Server2,2024-01-12,256.43
Server2,2024-01-13,256.55
Server2,2024-01-14,256.31
Server2,2024-01-15,256.34
Server2,2024-01-16,255.93
Server2,2024-01-17,255.93
Server2,2024-01-18,256.25
Server2,2024-01-19,256.06
Server2,2024-01-20,256.17
Server2,2024-01-21,256.33
Server2,2024-01-22,256.66
Server2,2024-01-23,256.69
Server2,2024-01-24,257.34
Server2,2024-01-25,256.39
Server2,2024-01-26,257.96
Server2,2024-01-27,257.62
Server2,2024-01-28,257.92
Server2,2024-01-29,257.55
Server2,2024-01-30,257.97
Server2,2024-01-31,258.21
Server2,2024-02-01,257.99
Server2,2024-02-02,258.62
Server2,2024-02-03,258.64
Server2,2024-02-04,259.02
Server2,2024-02-05,258.66
Server2,2024-02-06,258.74
Server2,2024-02-07,259.84
Server2,2024-02-08,260.42
Server2,2024-02-09,260.68
Server2,2024-02-10,260.55
Server2,2024-02-11,260.69
Server2,2024-02-12,260.89
Server2,2024-02-13,261.21
Server2,2024-02-14,260.77
Server2,2024-02-15,261.21
Server2,2024-02-16,260.76
Server2,2024-02-17,261.68
Server2,2024-02-18,261.39
Server2,2024-02-19,261.64
Server2,2024-02-20,262.24
Server2,2024-02-21,262.22
Server2,2024-02-22,262.49
Server2,2024-02-23,263.3
Server2,2024-02-24,263.69
Server2,2024-02-25,263.96
Server2,2024-02-26,263.22
Server2,2024-02-27,262.86
Server2,2024-02-28,263.48
Server2,2024-02-29,263.86
Server2,2024-03-01,264.32
Server2,2024-03-02,264.74
Server2,2024-03-03,265.49
Server2,2024-03-04,265.46
Server2,2024-03-05,265.62
Server2,2024-03-06,265.2
Server2,2024-03-07,264.66
Server2,2024-03-08,263.94
Server2,2024-03-09,263.6
Server2,2024-03-10,264.48
Server2,2024-03-11,263.8
Server2,2024-03-12,263.75
Server2,2024-03-13,263.2
Server2,2024-03-14,263.0
Server2,2024-03-15,263.18
Server2,2024-03-16,262.93
Server2,2024-03-17,263.58
Server2,2024-03-18,264.45
Server2,2024-03-19,263.42
Server2,2024-03-20,263.18
Server2,2024-03-21,263.31
Server2,2024-03-22,263.97
Server2,2024-03-23,263.85
Server2,2024-03-24,263.94
Server2,2024-03-25,263.46
Server2,2024-03-26,262.79
Server2,2024-03-27,263.61
Server2,2024-03-28,262.8
Server2,2024-03-29,264.07
Server2,2024-03-30,264.53
Server2,2024-03-31,264.97
Server2,2024-04-01,265.36
Server2,2024-04-02,265.33
Server2,2024-04-03,265.63
Server2,2024-04-04,265.63
Server2,2024-04-05,266.01
Server2,2024-04-06,266.09
Server2,2024-04-07,265.72
Server2,2024-04-08,265.38
Server2,2024-04-09,264.99
Server2,2024-04-10,265.57
Server2,2024-04-11,265.37
Server2,2024-04-12,264.51
Server2,2024-04-13,264.81
Server2,2024-04-14,265.67
Server2,2024-04-15,266.15
Server2,2024-04-16,265.95
Server2,2024-04-17,265.26
Server2,2024-04-18,265.29
Server2,2024-04-19,265.31
Server2,2024-04-20,264.93
Server2,2024-04-21,265.3
Server2,2024-04-22,266.32
Server2,2024-04-23,266.54
Server2,2024-04-24,266.72
Server2,2024-04-25,266.35
Server2,2024-04-26,267.15
Server2,2024-04-27,267.21
Server2,2024-04-28,267.02
Server2,2024-04-29,267.15
Server2,2024-04-30,267.49
Server2,2024-05-01,267.66
Server2,2024-05-02,268.36
Server2,2024-05-03,268.65
Server2,2024-05-04,268.61
Server2,2024-05-05,268.91
Server2,2024-05-06,269.26
Server2,2024-05-07,268.71
Server2,2024-05-08,269.39
Server2,2024-05-09,269.34
Server2,2024-05-10,269.3
Server2,2024-05-11,269.77
Server2,2024-05-12,270.25
Server2,2024-05-13,270.0
Server2,2024-05-14,270.5
Server2,2024-05-15,270.32
Server2,2024-05-16,271.33
Server2,2024-05-17,271.01
Server2,2024-05-18,271.23
Server2,2024-05-19,270.94
Server2,2024-05-20,272.15
Server2,2024-05-21,271.63
Server2,2024-05-22,272.0
Server2,2024-05-23,271.73
Server2,2024-05-24,271.65
Server2,2024-05-25,271.98
Server2,2024-05-26,272.69
Server2,2024-05-27,273.6
Server2,2024-05-28,272.93
Server2,2024-05-29,273.17
Server2,2024-05-30,274.0
Server2,2024-05-31,273.26
Server2,2024-06-01,273.51
Server2,2024-06-02,273.61
Server2,2024-06-03,273.92
Server2,2024-06-04,273.63
Server2,2024-06-05,273.02
Server2,2024-06-06,272.16
Server2,2024-06-07,272.75
Server2,2024-06-08,273.4
Server2,2024-06-09,273.65
Server2,2024-06-10,273.48
Server2,2024-06-11,272.77
Server2,2024-06-12,273.15
Server2,2024-06-13,272.7
Server2,2024-06-14,272.45
Server2,2024-06-15,272.25
Server2,2024-06-16,272.26
Server2,2024-06-17,271.98
Server2,2024-06-18,272.09
Server2,2024-06-19,271.88
Server2,2024-06-20,272.33
Server2,2024-06-21,272.95
Server2,2024-06-22,273.1
Server2,2024-06-23,273.43
Server2,2024-06-24,274.59
Server2,2024-06-25,274.11
Server2,2024-06-26,273.59
Server2,2024-06-27,274.04
Server2,2024-06-28,275.11
Server2,2024-06-29,275.08
Server2,2024-06-30,276.04
Server2,2024-07-01,276.19
Server2,2024-07-02,275.95
Server2,2024-07-03,275.56
Server2,2024-07-04,275.97
Server2,2024-07-05,275.61
Server2,2024-07-06,275.75
Server2,2024-07-07,276.65
Server2,2024-07-08,276.59
Server2,2024-07-09,277.35
Server2,2024-07-10,276.84
Server2,2024-07-11,276.67
Server2,2024-07-12,276.07
Server2,2024-07-13,276.21
Server2,2024-07-14,276.7
Server2,2024-07-15,276.84
Server2,2024-07-16,277.55
Server2,2024-07-17,277.27
Server2,2024-07-18,277.49
Server2,2024-07-19,277.32
Server2,2024-07-20,277.6
Server2,2024-07-21,277.96
Server2,2024-07-22,278.35
Server2,2024-07-23,277.91
Server2,2024-07-24,277.57
Server2,2024-07-25,277.31
Server2,2024-07-26,277.3
Server2,2024-07-27,277.44
Server2,2024-07-28,277.89
Server2,2024-07-29,277.57
Server2,2024-07-30,276.87
Server2,2024-07-31,278.05
Server2,2024-08-01,277.58
Server2,2024-08-02,278.1
Server2,2024-08-03,278.21
Server2,2024-08-04,278.44
Server2,2024-08-05,278.54
Server2,2024-08-06,278.45
Server2,2024-08-07,278.78
Server2,2024-08-08,278.66
Server2,2024-08-09,279.34
Server2,2024-08-10,279.73
Server2,2024-08-11,280.13
Server2,2024-08-12,279.97
Server2,2024-08-13,279.95
Server2,2024-08-14,279.46
Server2,2024-08-15,279.38
Server2,2024-08-16,278.97
Server2,2024-08-17,279.72
Server2,2024-08-18,279.85
Server2,2024-08-19,280.03
Server2,2024-08-20,280.02
Server2,2024-08-21,280.22
Server2,2024-08-22,281.55
Server2,2024-08-23,281.5
Server2,2024-08-24,281.28
Server2,2024-08-25,281.64
Server2,2024-08-26,280.48
Server2,2024-08-27,280.61
Server2,2024-08-28,280.52
Server2,2024-08-29,280.13
Server2,2024-08-30,280.48
Server2,2024-08-31,280.61
Server2,2024-09-01,279.81
Server2,2024-09-02,279.58
Server2,2024-09-03,278.24
Server2,2024-09-04,278.49
Server2,2024-09-05,278.73
Server2,2024-09-06,278.43
Server2,2024-09-07,278.8
Server2,2024-09-08,278.26
Server2,2024-09-09,277.88
Server2,2024-09-10,278.19
Server2,2024-09-11,277.94
Server2,2024-09-12,278.01
Server2,2024-09-13,277.83
Server2,2024-09-14,277.72
Server2,2024-09-15,277.64
Server2,2024-09-16,277.39
Server2,2024-09-17,277.64
Server2,2024-09-18,277.42
Server2,2024-09-19,277.53
Server2,2024-09-20,277.27
Server2,2024-09-21,276.6
Server2,2024-09-22,277.16
Server2,2024-09-23,277.51
Server2,2024-09-24,278.75
Server2,2024-09-25,278.33
Server2,2024-09-26,278.32
Server2,2024-09-27,278.36
Server2,2024-09-28,278.95
Server2,2024-09-29,278.8
Server2,2024-09-30,278.32
Server2,2024-10-01,279.02
Server2,2024-10-02,278.96
Server2,2024-10-03,279.5
Server2,2024-10-04,279.98
Server2,2024-10-05,280.07
Server2,2024-10-06,280.08
Server2,2024-10-07,279.98
Server2,2024-10-08,280.08
Server2,2024-10-09,280.61
Server2,2024-10-10,280.31
Server2,2024-10-11,280.46
Server2,2024-10-12,280.0
Server2,2024-10-13,279.61
Server2,2024-10-14,279.69
Server2,2024-10-15,278.81
Server2,2024-10-16,279.94
Server2,2024-10-17,279.45
Server2,2024-10-18,279.53
Server2,2024-10-19,280.21
Server2,2024-10-20,279.88
Server2,2024-10-21,278.83
Server2,2024-10-22,278.7
Server2,2024-10-23,278.37
Server2,2024-10-24,277.33
Server2,2024-10-25,277.57
Server2,2024-10-26,277.77
Server2,2024-10-27,278.45
Server2,2024-10-28,277.99
Server2,2024-10-29,277.29
Server2,2024-10-30,277.18
Server2,2024-10-31,277.24
Server2,2024-11-01,277.8
Server2,2024-11-02,278.6
Server2,2024-11-03,279.31
Server2,2024-11-04,279.55
Server2,2024-11-05,280.05
Server2,2024-11-06,279.83
Server2,2024-11-07,280.01
Server2,2024-11-08,279.52
Server2,2024-11-09,279.65
Server2,2024-11-10,279.79
Server2,2024-11-11,280.75
Server2,2024-11-12,280.74
Server2,2024-11-13,280.89
Server2,2024-11-14,281.1
Server2,2024-11-15,280.98
Server2,2024-11-16,280.67
Server2,2024-11-17,281.42
Server2,2024-11-18,281.03
Server2,2024-11-19,280.47
Server2,2024-11-20,280.91
Server2,2024-11-21,281.59
Server2,2024-11-22,281.46
Server2,2024-11-23,281.35
Server2,2024-11-24,281.59
Server2,2024-11-25,281.33
Server2,2024-11-26,281.04
Server2,2024-11-27,281.58
Server2,2024-11-28,281.99
Server2,2024-11-29,282.74
Server2,2024-11-30,282.21
Server2,2024-12-01,282.06
Server2,2024-12-02,282.3
Server2,2024-12-03,281.94
Server2,2024-12-04,282.36
Server2,2024-12-05,283.07
Server2,2024-12-06,282.88
Server2,2024-12-07,283.0
Server2,2024-12-08,283.83
Server2,2024-12-09,284.83
Server2,2024-12-10,285.3
Server2,2024-12-11,285.7
Server2,2024-12-12,285.37
Server2,2024-12-13,285.65
Server2,2024-12-14,286.03
Server2,2024-12-15,286.02
Server2,2024-12-16,285.83
Server2,2024-12-17,285.29
Server2,2024-12-18,284.52
Server2,2024-12-19,283.64
Server2,2024-12-20,284.03
Server2,2024-12-21,284.21
Server2,2024-12-22,284.07
Server2,2024-12-23,284.0
Server2,2024-12-24,284.21
Server2,2024-12-25,284.22
Server2,2024-12-26,283.65
Server2,2024-12-27,284.21
Server2,2024-12-28,284.46
Server2,2024-12-29,284.69
Server2,2024-12-30,285.21
Server2,2024-12-31,284.91
Server3,2023-01-01,247.45
Server3,2023-01-02,247.67
Server3,2023-01-03,247.7
Server3,2023-01-04,247.61
Server3,2023-01-05,247.3
Server3,2023-01-06,247.85
Server3,2023-01-07,248.82
Server3,2023-01-08,249.07
Server3,2023-01-09,249.33
Server3,2023-01-10,249.09
Server3,2023-01-11,248.59
Server3,2023-01-12,248.67
Server3,2023-01-13,248.29
Server3,2023-01-14,247.5
Server3,2023-01-15,248.0
Server3,2023-01-16,248.53
Server3,2023-01-17,248.2
Server3,2023-01-18,248.42
Server3,2023-01-19,249.02
Server3,2023-01-20,249.22
Server3,2023-01-21,248.73
Server3,2023-01-22,248.71
Server3,2023-01-23,249.47
Server3,2023-01-24,249.7
Server3,2023-01-25,250.07
Server3,2023-01-26,250.34
Server3,2023-01-27,250.01
Server3,2023-01-28,249.8
Server3,2023-01-29,250.07
Server3,2023-01-30,250.58
Server3,2023-01-31,251.23
Server3,2023-02-01,250.9
Server3,2023-02-02,251.21
Server3,2023-02-03,251.91
Server3,2023-02-04,251.51
Server3,2023-02-05,252.36
Server3,2023-02-06,253.28
Server3,2023-02-07,254.69
Server3,2023-02-08,254.91
Server3,2023-02-09,255.12
Server3,2023-02-10,255.64
Server3,2023-02-11,256.14
Server3,2023-02-12,256.8
Server3,2023-02-13,257.29
Server3,2023-02-14,257.34
Server3,2023-02-15,258.05
Server3,2023-02-16,257.61
Server3,2023-02-17,257.72
Server3,2023-02-18,258.6
Server3,2023-02-19,258.07
Server3,2023-02-20,257.83
Server3,2023-02-21,258.27
Server3,2023-02-22,258.57
Server3,2023-02-23,258.23
Server3,2023-02-24,258.12
Server3,2023-02-25,257.63
Server3,2023-02-26,258.22
Server3,2023-02-27,258.19
Server3,2023-02-28,259.19
Server3,2023-03-01,259.33
Server3,2023-03-02,259.32
Server3,2023-03-03,259.26
Server3,2023-03-04,259.24
Server3,2023-03-05,259.4
Server3,2023-03-06,260.75
Server3,2023-03-07,260.68
Server3,2023-03-08,260.63
Server3,2023-03-09,260.76
Server3,2023-03-10,261.41
Server3,2023-03-11,260.8
Server3,2023-03-12,261.12
Server3,2023-03-13,260.81
Server3,2023-03-14,261.19
Server3,2023-03-15,261.04
Server3,2023-03-16,259.99
Server3,2023-03-17,260.28
Server3,2023-03-18,260.56
Server3,2023-03-19,260.37
Server3,2023-03-20,260.15
Server3,2023-03-21,259.59
Server3,2023-03-22,260.08
Server3,2023-03-23,260.62
Server3,2023-03-24,260.28
Server3,2023-03-25,260.11
Server3,2023-03-26,260.18
Server3,2023-03-27,261.42
Server3,2023-03-28,261.79
Server3,2023-03-29,261.42
Server3,2023-03-30,261.67
Server3,2023-03-31,261.08
Server3,2023-04-01,261.54
Server3,2023-04-02,262.48
Server3,2023-04-03,263.42
Server3,2023-04-04,263.88
Server3,2023-04-05,263.69
Server3,2023-04-06,263.14
Server3,2023-04-07,262.54
Server3,2023-04-08,261.24
Server3,2023-04-09,261.69
Server3,2023-04-10,261.73
Server3,2023-04-11,262.29
Server3,2023-04-12,263.1
Server3,2023-04-13,263.25
Server3,2023-04-14,263.43
Server3,2023-04-15,263.29
Server3,2023-04-16,263.22
Server3,2023-04-17,263.68
Server3,2023-04-18,263.7
Server3,2023-04-19,263.64
Server3,2023-04-20,263.73
Server3,2023-04-21,264.27
Server3,2023-04-22,264.03
Server3,2023-04-23,264.09
Server3,2023-04-24,264.32
Server3,2023-04-25,265.0
Server3,2023-04-26,264.98
Server3,2023-04-27,264.72
Server3,2023-04-28,264.57
Server3,2023-04-29,265.2
Server3,2023-04-30,266.32
Server3,2023-05-01,265.76
Server3,2023-05-02,265.31
Server3,2023-05-03,265.33
Server3,2023-05-04,265.48
Server3,2023-05-05,265.98
Server3,2023-05-06,265.63
Server3,2023-05-07,265.2
Server3,2023-05-08,265.37
Server3,2023-05-09,265.34
Server3,2023-05-10,265.9
Server3,2023-05-11,266.25
Server3,2023-05-12,266.63
Server3,2023-05-13,266.67
Server3,2023-05-14,267.95
Server3,2023-05-15,267.63
Server3,2023-05-16,268.04
Server3,2023-05-17,267.5
Server3,2023-05-18,267.07
Server3,2023-05-19,266.86
Server3,2023-05-20,267.78
Server3,2023-05-21,268.01
Server3,2023-05-22,267.81
Server3,2023-05-23,268.1
Server3,2023-05-24,268.22
Server3,2023-05-25,268.07
Server3,2023-05-26,267.47
Server3,2023-05-27,268.29
Server3,2023-05-28,268.5
Server3,2023-05-29,269.68
Server3,2023-05-30,270.26
Server3,2023-05-31,270.63
Server3,2023-06-01,270.51
Server3,2023-06-02,270.07
Server3,2023-06-03,270.06
Server3,2023-06-04,269.59
Server3,2023-06-05,270.02
Server3,2023-06-06,270.94
Server3,2023-06-07,270.91
Server3,2023-06-08,271.48
Server3,2023-06-09,271.23
Server3,2023-06-10,271.18
Server3,2023-06-11,270.87
Server3,2023-06-12,269.91
Server3,2023-06-13,269.99
Server3,2023-06-14,270.15
Server3,2023-06-15,270.79
Server3,2023-06-16,271.28
Server3,2023-06-17,271.79
Server3,2023-06-18,271.4
Server3,2023-06-19,271.73
Server3,2023-06-20,272.62
Server3,2023-06-21,272.91
Server3,2023-06-22,273.93
Server3,2023-06-23,275.04
Server3,2023-06-24,275.0
Server3,2023-06-25,274.75
Server3,2023-06-26,274.47
Server3,2023-06-27,273.82
Server3,2023-06-28,273.66
Server3,2023-06-29,274.36
Server3,2023-06-30,273.36
Server3,2023-07-01,272.94
Server3,2023-07-02,272.98
Server3,2023-07-03,272.64
Server3,2023-07-04,272.47
Server3,2023-07-05,272.32
Server3,2023-07-06,272.29
Server3,2023-07-07,272.02
Server3,2023-07-08,271.72
Server3,2023-07-09,272.29
Server3,2023-07-10,272.91
Server3,2023-07-11,272.32
Server3,2023-07-12,271.04
Server3,2023-07-13,271.67
Server3,2023-07-14,271.16
Server3,2023-07-15,271.36
Server3,2023-07-16,270.68
Server3,2023-07-17,271.43
Server3,2023-07-18,272.8
Server3,2023-07-19,272.99
Server3,2023-07-20,273.05
Server3,2023-07-21,272.98
Server3,2023-07-22,273.48
Server3,2023-07-23,273.86
Server3,2023-07-24,274.46
Server3,2023-07-25,274.25
Server3,2023-07-26,274.52
Server3,2023-07-27,274.35
Server3,2023-07-28,273.92
Server3,2023-07-29,274.0
Server3,2023-07-30,273.64
Server3,2023-07-31,274.32
Server3,2023-08-01,273.99
Server3,2023-08-02,274.27
Server3,2023-08-03,274.07
Server3,2023-08-04,274.31
Server3,2023-08-05,274.15
Server3,2023-08-06,273.62
Server3,2023-08-07,273.96
Server3,2023-08-08,273.94
Server3,2023-08-09,274.19
Server3,2023-08-10,274.07
Server3,2023-08-11,273.51
Server3,2023-08-12,274.15
Server3,2023-08-13,274.62
Server3,2023-08-14,274.43
Server3,2023-08-15,274.57
Server3,2023-08-16,275.19
Server3,2023-08-17,275.06
Server3,2023-08-18,275.01
Server3,2023-08-19,275.23
Server3,2023-08-20,275.1
Server3,2023-08-21,275.63
Server3,2023-08-22,275.65
Server3,2023-08-23,275.36
Server3,2023-08-24,275.76
Server3,2023-08-25,275.29
Server3,2023-08-26,276.4
Server3,2023-08-27,277.29
Server3,2023-08-28,277.64
Server3,2023-08-29,277.96
Server3,2023-08-30,278.25
Server3,2023-08-31,278.11
Server3,2023-09-01,278.35
Server3,2023-09-02,277.99
Server3,2023-09-03,278.34
Server3,2023-09-04,278.88
Server3,2023-09-05,278.79
Server3,2023-09-06,278.59
Server3,2023-09-07,278.09
Server3,2023-09-08,278.91
Server3,2023-09-09,278.76
Server3,2023-09-10,278.76
Server3,2023-09-11,279.01
Server3,2023-09-12,279.25
Server3,2023-09-13,279.72
Server3,2023-09-14,279.63
Server3,2023-09-15,279.16
Server3,2023-09-16,278.61
Server3,2023-09-17,278.42
Server3,2023-09-18,278.04
Server3,2023-09-19,277.99
Server3,2023-09-20,278.74
Server3,2023-09-21,278.65
Server3,2023-09-22,278.56
Server3,2023-09-23,278.66
Server3,2023-09-24,278.55
Server3,2023-09-25,278.62
Server3,2023-09-26,278.99
Server3,2023-09-27,279.53
Server3,2023-09-28,280.13
Server3,2023-09-29,281.26
Server3,2023-09-30,281.65
Server3,2023-10-01,282.86
Server3,2023-10-02,282.58
Server3,2023-10-03,283.72
Server3,2023-10-04,283.63
Server3,2023-10-05,283.59
Server3,2023-10-06,283.63
Server3,2023-10-07,283.62
Server3,2023-10-08,283.76
Server3,2023-10-09,283.57
Server3,2023-10-10,284.09
Server3,2023-10-11,283.91
Server3,2023-10-12,284.34
Server3,2023-10-13,285.2
Server3,2023-10-14,285.13
Server3,2023-10-15,285.62
Server3,2023-10-16,286.0
Server3,2023-10-17,287.23
Server3,2023-10-18,287.08
Server3,2023-10-19,287.57
Server3,2023-10-20,286.86
Server3,2023-10-21,286.71
Server3,2023-10-22,286.99
Server3,2023-10-23,287.79
Server3,2023-10-24,287.27
Server3,2023-10-25,287.77
Server3,2023-10-26,287.84
Server3,2023-10-27,287.17
Server3,2023-10-28,287.37
Server3,2023-10-29,288.32
Server3,2023-10-30,287.86
Server3,2023-10-31,287.9
Server3,2023-11-01,287.51
Server3,2023-11-02,287.38
Server3,2023-11-03,288.19
Server3,2023-11-04,288.16
Server3,2023-11-05,288.96
Server3,2023-11-06,289.61
Server3,2023-11-07,289.53
Server3,2023-11-08,289.38
Server3,2023-11-09,289.03
Server3,2023-11-10,288.67
Server3,2023-11-11,288.94
Server3,2023-11-12,289.03
Server3,2023-11-13,288.82
Server3,2023-11-14,288.15
Server3,2023-11-15,288.3
Server3,2023-11-16,288.17
Server3,2023-11-17,288.17
Server3,2023-11-18,288.42
Server3,2023-11-19,287.27
Server3,2023-11-20,286.6
Server3,2023-11-21,287.85
Server3,2023-11-22,287.7
Server3,2023-11-23,286.54
Server3,2023-11-24,285.91
Server3,2023-11-25,287.26
Server3,2023-11-26,287.0
Server3,2023-11-27,287.68
Server3,2023-11-28,287.84
Server3,2023-11-29,287.7
Server3,2023-11-30,288.19
Server3,2023-12-01,287.1
Server3,2023-12-02,286.48
Server3,2023-12-03,286.33
Server3,2023-12-04,285.76
Server3,2023-12-05,285.57
Server3,2023-12-06,286.1
Server3,2023-12-07,286.26
Server3,2023-12-08,287.03
Server3,2023-12-09,287.23
Server3,2023-12-10,287.82
Server3,2023-12-11,287.89
Server3,2023-12-12,287.69
Server3,2023-12-13,288.53
Server3,2023-12-14,288.28
Server3,2023-12-15,288.55
Server3,2023-12-16,289.04
Server3,2023-12-17,289.56
Server3,2023-12-18,289.07
Server3,2023-12-19,289.7
Server3,2023-12-20,289.31
Server3,2023-12-21,289.82
Server3,2023-12-22,290.18
Server3,2023-12-23,290.69
Server3,2023-12-24,290.19
Server3,2023-12-25,290.58
Server3,2023-12-26,291.23
Server3,2023-12-27,291.42
Server3,2023-12-28,291.11
Server3,2023-12-29,291.67
Server3,2023-12-30,291.83
Server3,2023-12-31,291.09
Server3,2024-01-01,290.75
Server3,2024-01-02,290.58
Server3,2024-01-03,291.44
Server3,2024-01-04,292.2
Server3,2024-01-05,292.96
Server3,2024-01-06,293.18
Server3,2024-01-07,293.74
Server3,2024-01-08,293.27
Server3,2024-01-09,293.37
Server3,2024-01-10,293.7
Server3,2024-01-11,293.26
Server3,2024-01-12,293.46
Server3,2024-01-13,294.41
Server3,2024-01-14,294.79
Server3,2024-01-15,295.35
Server3,2024-01-16,294.22
Server3,2024-01-17,295.1
Server3,2024-01-18,295.11
Server3,2024-01-19,294.82
Server3,2024-01-20,294.83
Server3,2024-01-21,294.19
Server3,2024-01-22,294.81
Server3,2024-01-23,294.75
Server3,2024-01-24,294.48
Server3,2024-01-25,294.49
Server3,2024-01-26,295.15
Server3,2024-01-27,295.32
Server3,2024-01-28,294.71
Server3,2024-01-29,295.05
Server3,2024-01-30,294.68
Server3,2024-01-31,293.7
Server3,2024-02-01,294.55
Server3,2024-02-02,294.88
Server3,2024-02-03,294.94
Server3,2024-02-04,294.87
Server3,2024-02-05,295.67
Server3,2024-02-06,297.31
Server3,2024-02-07,297.63
Server3,2024-02-08,297.22
Server3,2024-02-09,297.24
Server3,2024-02-10,297.56
Server3,2024-02-11,296.48
Server3,2024-02-12,296.75
Server3,2024-02-13,297.07
Server3,2024-02-14,297.83
Server3,2024-02-15,298.54
Server3,2024-02-16,298.7
Server3,2024-02-17,299.56
Server3,2024-02-18,300.67
Server3,2024-02-19,300.79
Server3,2024-02-20,301.1
Server3,2024-02-21,300.31
Server3,2024-02-22,299.69
Server3,2024-02-23,299.37
Server3,2024-02-24,299.25
Server3,2024-02-25,298.8
Server3,2024-02-26,298.88
Server3,2024-02-27,298.77
Server3,2024-02-28,299.41
Server3,2024-02-29,299.27
Server3,2024-03-01,298.23
Server3,2024-03-02,298.39
Server3,2024-03-03,298.48
Server3,2024-03-04,298.15
Server3,2024-03-05,298.3
Server3,2024-03-06,297.86
Server3,2024-03-07,298.13
Server3,2024-03-08,299.54
Server3,2024-03-09,298.74
Server3,2024-03-10,298.58
Server3,2024-03-11,298.35
Server3,2024-03-12,298.23
Server3,2024-03-13,298.84
Server3,2024-03-14,299.21
Server3,2024-03-15,299.73
Server3,2024-03-16,299.85
Server3,2024-03-17,299.29
Server3,2024-03-18,298.83
Server3,2024-03-19,299.3
Server3,2024-03-20,299.49
Server3,2024-03-21,300.22
Server3,2024-03-22,300.47
Server3,2024-03-23,299.98
Server3,2024-03-24,299.81
Server3,2024-03-25,300.2
Server3,2024-03-26,300.65
Server3,2024-03-27,301.18
Server3,2024-03-28,300.76
Server3,2024-03-29,300.25
Server3,2024-03-30,300.26
Server3,2024-03-31,301.08
Server3,2024-04-01,300.83
Server3,2024-04-02,301.16
Server3,2024-04-03,301.49
Server3,2024-04-04,301.97
Server3,2024-04-05,302.9
Server3,2024-04-06,303.78
Server3,2024-04-07,303.58
Server3,2024-04-08,302.64
Server3,2024-04-09,302.4
Server3,2024-04-10,302.53
Server3,2024-04-11,302.45
Server3,2024-04-12,303.54
Server3,2024-04-13,303.65
Server3,2024-04-14,304.07
Server3,2024-04-15,304.28
Server3,2024-04-16,304.21
Server3,2024-04-17,303.35
Server3,2024-04-18,303.41
Server3,2024-04-19,305.13
Server3,2024-04-20,304.61
Server3,2024-04-21,303.8
Server3,2024-04-22,304.87
Server3,2024-04-23,305.34
Server3,2024-04-24,305.54
Server3,2024-04-25,306.32
Server3,2024-04-26,306.0
Server3,2024-04-27,306.05
Server3,2024-04-28,306.63
Server3,2024-04-29,307.78
Server3,2024-04-30,307.3
Server3,2024-05-01,308.04
Server3,2024-05-02,308.33
Server3,2024-05-03,308.51
Server3,2024-05-04,308.61
Server3,2024-05-05,308.01
Server3,2024-05-06,308.6
Server3,2024-05-07,308.31
Server3,2024-05-08,307.87
Server3,2024-05-09,308.41
Server3,2024-05-10,308.9
Server3,2024-05-11,309.04
Server3,2024-05-12,309.68
Server3,2024-05-13,310.49
Server3,2024-05-14,311.25
Server3,2024-05-15,311.08
Server3,2024-05-16,311.69
Server3,2024-05-17,311.9
Server3,2024-05-18,312.86
Server3,2024-05-19,312.9
Server3,2024-05-20,312.82
Server3,2024-05-21,312.61
Server3,2024-05-22,312.81
Server3,2024-05-23,313.14
Server3,2024-05-24,313.48
Server3,2024-05-25,313.76
Server3,2024-05-26,314.19
Server3,2024-05-27,314.18
Server3,2024-05-28,313.85
Server3,2024-05-29,313.47
Server3,2024-05-30,314.05
Server3,2024-05-31,314.39
Server3,2024-06-01,313.56
Server3,2024-06-02,314.21
Server3,2024-06-03,315.25
Server3,2024-06-04,314.99
Server3,2024-06-05,315.26
Server3,2024-06-06,315.12
Server3,2024-06-07,315.54
Server3,2024-06-08,315.06
Server3,2024-06-09,315.12
Server3,2024-06-10,315.71
Server3,2024-06-11,316.43
Server3,2024-06-12,316.74
Server3,2024-06-13,316.67
Server3,2024-06-14,315.98
Server3,2024-06-15,315.7
Server3,2024-06-16,315.56
Server3,2024-06-17,315.31
Server3,2024-06-18,315.44
Server3,2024-06-19,315.37
Server3,2024-06-20,315.56
Server3,2024-06-21,316.26
Server3,2024-06-22,316.16
Server3,2024-06-23,315.56
Server3,2024-06-24,315.31
Server3,2024-06-25,315.71
Server3,2024-06-26,316.14
Server3,2024-06-27,316.45
Server3,2024-06-28,317.2
Server3,2024-06-29,317.2
Server3,2024-06-30,318.33
Server3,2024-07-01,318.84
Server3,2024-07-02,317.68
Server3,2024-07-03,318.68
Server3,2024-07-04,318.39
Server3,2024-07-05,317.98
Server3,2024-07-06,318.34
Server3,2024-07-07,317.57
Server3,2024-07-08,317.32
Server3,2024-07-09,318.2
Server3,2024-07-10,318.58
Server3,2024-07-11,319.09
Server3,2024-07-12,318.86
Server3,2024-07-13,318.19
Server3,2024-07-14,318.64
Server3,2024-07-15,319.21
Server3,2024-07-16,319.75
Server3,2024-07-17,319.95
Server3,2024-07-18,319.57
Server3,2024-07-19,320.89
Server3,2024-07-20,321.23
Server3,2024-07-21,321.24
Server3,2024-07-22,321.26
Server3,2024-07-23,321.43
Server3,2024-07-24,322.07
Server3,2024-07-25,322.26
Server3,2024-07-26,322.79
Server3,2024-07-27,322.97
Server3,2024-07-28,323.01
Server3,2024-07-29,323.43
Server3,2024-07-30,323.83
Server3,2024-07-31,323.85
Server3,2024-08-01,323.57
Server3,2024-08-02,323.84
Server3,2024-08-03,323.98
Server3,2024-08-04,323.81
Server3,2024-08-05,323.48
Server3,2024-08-06,323.79
Server3,2024-08-07,324.17
Server3,2024-08-08,324.08
Server3,2024-08-09,323.9
Server3,2024-08-10,323.58
Server3,2024-08-11,323.87
Server3,2024-08-12,323.57
Server3,2024-08-13,324.79
Server3,2024-08-14,324.68
Server3,2024-08-15,323.57
Server3,2024-08-16,323.66
Server3,2024-08-17,323.72
Server3,2024-08-18,324.38
Server3,2024-08-19,324.62
Server3,2024-08-20,324.3
Server3,2024-08-21,324.26
Server3,2024-08-22,324.52
Server3,2024-08-23,323.54
Server3,2024-08-24,324.31
Server3,2024-08-25,324.0
Server3,2024-08-26,324.8
Server3,2024-08-27,325.1
Server3,2024-08-28,325.51
Server3,2024-08-29,326.19
Server3,2024-08-30,326.58
Server3,2024-08-31,327.01
Server3,2024-09-01,327.03
Server3,2024-09-02,327.32
Server3,2024-09-03,327.12
Server3,2024-09-04,327.05
Server3,2024-09-05,328.13
Server3,2024-09-06,327.83
Server3,2024-09-07,328.01
Server3,2024-09-08,328.16
Server3,2024-09-09,328.11
Server3,2024-09-10,328.46
Server3,2024-09-11,328.86
Server3,2024-09-12,328.5
Server3,2024-09-13,328.65
Server3,2024-09-14,328.21
Server3,2024-09-15,328.7
Server3,2024-09-16,328.89
Server3,2024-09-17,329.03
Server3,2024-09-18,329.46
Server3,2024-09-19,329.42
Server3,2024-09-20,329.98
Server3,2024-09-21,329.6
Server3,2024-09-22,330.41
Server3,2024-09-23,330.23
Server3,2024-09-24,329.49
Server3,2024-09-25,329.42
Server3,2024-09-26,329.3
Server3,2024-09-27,329.23
Server3,2024-09-28,329.45
Server3,2024-09-29,330.1
Server3,2024-09-30,330.1
Server3,2024-10-01,329.86
Server3,2024-10-02,329.39
Server3,2024-10-03,329.26
Server3,2024-10-04,328.42
Server3,2024-10-05,328.15
Server3,2024-10-06,328.87
Server3,2024-10-07,328.56
Server3,2024-10-08,328.98
Server3,2024-10-09,328.46
Server3,2024-10-10,329.45
Server3,2024-10-11,330.47
Server3,2024-10-12,330.86
Server3,2024-10-13,331.96
Server3,2024-10-14,332.24
Server3,2024-10-15,332.72
Server3,2024-10-16,333.45
Server3,2024-10-17,333.64
Server3,2024-10-18,332.97
Server3,2024-10-19,333.46
Server3,2024-10-20,333.33
Server3,2024-10-21,333.23
Server3,2024-10-22,333.48
Server3,2024-10-23,333.86
Server3,2024-10-24,334.03
Server3,2024-10-25,334.45
Server3,2024-10-26,334.2
Server3,2024-10-27,334.28
Server3,2024-10-28,334.8
Server3,2024-10-29,335.79
Server3,2024-10-30,336.95
Server3,2024-10-31,337.27
Server3,2024-11-01,337.79
Server3,2024-11-02,338.88
Server3,2024-11-03,338.64
Server3,2024-11-04,339.06
Server3,2024-11-05,339.54
Server3,2024-11-06,340.37
Server3,2024-11-07,339.9
Server3,2024-11-08,339.53
Server3,2024-11-09,339.64
Server3,2024-11-10,339.93
Server3,2024-11-11,340.59
Server3,2024-11-12,340.95
Server3,2024-11-13,340.97
Server3,2024-11-14,341.28
Server3,2024-11-15,341.53
Server3,2024-11-16,342.5
Server3,2024-11-17,342.69
Server3,2024-11-18,342.59
Server3,2024-11-19,342.92
Server3,2024-11-20,343.12
Server3,2024-11-21,342.43
Server3,2024-11-22,342.52
Server3,2024-11-23,342.57
Server3,2024-11-24,342.4
Server3,2024-11-25,343.02
Server3,2024-11-26,342.73
Server3,2024-11-27,343.06
Server3,2024-11-28,343.08
Server3,2024-11-29,343.23
Server3,2024-11-30,343.54
Server3,2024-12-01,342.99
Server3,2024-12-02,343.18
Server3,2024-12-03,344.43
Server3,2024-12-04,343.75
Server3,2024-12-05,343.82
Server3,2024-12-06,344.48
Server3,2024-12-07,344.73
Server3,2024-12-08,345.18
Server3,2024-12-09,344.09
Server3,2024-12-10,344.49
Server3,2024-12-11,344.21
Server3,2024-12-12,344.46
Server3,2024-12-13,344.55
Server3,2024-12-14,345.79
Server3,2024-12-15,346.16
Server3,2024-12-16,346.2
Server3,2024-12-17,345.55
Server3,2024-12-18,345.71
Server3,2024-12-19,346.22
Server3,2024-12-20,346.28
Server3,2024-12-21,346.13
Server3,2024-12-22,345.94
Server3,2024-12-23,346.31
Server3,2024-12-24,346.79
Server3,2024-12-25,347.57
Server3,2024-12-26,347.17
Server3,2024-12-27,347.53
Server3,2024-12-28,347.57
Server3,2024-12-29,347.63
Server3,2024-12-30,347.93
Server3,2024-12-31,348.23
Server4,2023-01-01,193.36
Server4,2023-01-02,194.16
Server4,2023-01-03,194.85
Server4,2023-01-04,195.06
Server4,2023-01-05,194.56
Server4,2023-01-06,194.66
Server4,2023-01-07,195.54
Server4,2023-01-08,195.95
Server4,2023-01-09,195.95
Server4,2023-01-10,196.36
Server4,2023-01-11,195.83
Server4,2023-01-12,195.58
Server4,2023-01-13,195.14
Server4,2023-01-14,195.47
Server4,2023-01-15,195.93
Server4,2023-01-16,195.95
Server4,2023-01-17,195.61
Server4,2023-01-18,195.7
Server4,2023-01-19,195.56
Server4,2023-01-20,195.26
Server4,2023-01-21,195.53
Server4,2023-01-22,195.25
Server4,2023-01-23,194.57
Server4,2023-01-24,194.0
Server4,2023-01-25,193.3
Server4,2023-01-26,193.52
Server4,2023-01-27,193.7
Server4,2023-01-28,193.85
Server4,2023-01-29,194.24
Server4,2023-01-30,194.94
Server4,2023-01-31,194.74
Server4,2023-02-01,195.04
Server4,2023-02-02,194.35
Server4,2023-02-03,195.14
Server4,2023-02-04,194.62
Server4,2023-02-05,194.37
Server4,2023-02-06,194.17
Server4,2023-02-07,193.5
Server4,2023-02-08,193.62
Server4,2023-02-09,193.83
Server4,2023-02-10,193.83
Server4,2023-02-11,193.16
Server4,2023-02-12,194.25
Server4,2023-02-13,194.63
Server4,2023-02-14,196.04
Server4,2023-02-15,195.74
Server4,2023-02-16,196.32
Server4,2023-02-17,196.81
Server4,2023-02-18,196.77
Server4,2023-02-19,197.57
Server4,2023-02-20,197.47
Server4,2023-02-21,197.39
Server4,2023-02-22,195.75
Server4,2023-02-23,196.06
Server4,2023-02-24,195.49
Server4,2023-02-25,195.32
Server4,2023-02-26,194.91
Server4,2023-02-27,194.82
Server4,2023-02-28,195.14
Server4,2023-03-01,195.25
Server4,2023-03-02,195.7
Server4,2023-03-03,196.44
Server4,2023-03-04,196.35
Server4,2023-03-05,196.21
Server4,2023-03-06,196.79
Server4,2023-03-07,197.41
Server4,2023-03-08,197.88
Server4,2023-03-09,197.51
Server4,2023-03-10,197.82
Server4,2023-03-11,197.97
Server4,2023-03-12,198.6
Server4,2023-03-13,198.41
Server4,2023-03-14,197.68
Server4,2023-03-15,198.12
Server4,2023-03-16,196.94
Server4,2023-03-17,196.68
Server4,2023-03-18,196.27
Server4,2023-03-19,195.85
Server4,2023-03-20,195.58
Server4,2023-03-21,196.29
Server4,2023-03-22,196.8
Server4,2023-03-23,196.77
Server4,2023-03-24,197.44
Server4,2023-03-25,197.01
Server4,2023-03-26,196.51
Server4,2023-03-27,197.04
Server4,2023-03-28,197.43
Server4,2023-03-29,197.3
Server4,2023-03-30,196.83
Server4,2023-03-31,197.66
Server4,2023-04-01,196.9
Server4,2023-04-02,196.7
Server4,2023-04-03,196.92
Server4,2023-04-04,197.92
Server4,2023-04-05,198.21
Server4,2023-04-06,198.55
Server4,2023-04-07,198.36
Server4,2023-04-08,198.75
Server4,2023-04-09,198.9
Server4,2023-04-10,198.21
Server4,2023-04-11,198.7
Server4,2023-04-12,199.29
Server4,2023-04-13,199.79
Server4,2023-04-14,199.91
Server4,2023-04-15,199.53
Server4,2023-04-16,198.47
Server4,2023-04-17,198.65
Server4,2023-04-18,199.29
Server4,2023-04-19,199.89
Server4,2023-04-20,200.4
Server4,2023-04-21,200.46
Server4,2023-04-22,201.11
Server4,2023-04-23,201.67
Server4,2023-04-24,201.56
Server4,2023-04-25,201.99
Server4,2023-04-26,201.83
Server4,2023-04-27,202.2
Server4,2023-04-28,201.65
Server4,2023-04-29,201.14
Server4,2023-04-30,201.76
Server4,2023-05-01,202.33
Server4,2023-05-02,202.75
Server4,2023-05-03,202.89
Server4,2023-05-04,201.8
Server4,2023-05-05,201.86
Server4,2023-05-06,202.19
Server4,2023-05-07,202.02
Server4,2023-05-08,201.76
Server4,2023-05-09,202.59
Server4,2023-05-10,202.66
Server4,2023-05-11,202.98
Server4,2023-05-12,203.47
Server4,2023-05-13,203.07
Server4,2023-05-14,203.27
Server4,2023-05-15,204.03
Server4,2023-05-16,205.04
Server4,2023-05-17,205.16
Server4,2023-05-18,205.14
Server4,2023-05-19,205.37
Server4,2023-05-20,205.59
Server4,2023-05-21,206.39
Server4,2023-05-22,205.99
Server4,2023-05-23,205.95
Server4,2023-05-24,205.49
Server4,2023-05-25,205.08
Server4,2023-05-26,205.37
Server4,2023-05-27,205.88
Server4,2023-05-28,205.65
Server4,2023-05-29,206.14
Server4,2023-05-30,206.8
Server4,2023-05-31,207.86
Server4,2023-06-01,208.0
Server4,2023-06-02,207.78
Server4,2023-06-03,207.38
Server4,2023-06-04,206.93
Server4,2023-06-05,207.65
Server4,2023-06-06,206.99
Server4,2023-06-07,207.7
Server4,2023-06-08,207.37
Server4,2023-06-09,207.12
Server4,2023-06-10,207.15
Server4,2023-06-11,206.9
Server4,2023-06-12,207.46
Server4,2023-06-13,208.47
Server4,2023-06-14,208.24
Server4,2023-06-15,208.12
Server4,2023-06-16,208.14
Server4,2023-06-17,208.51
Server4,2023-06-18,208.54
Server4,2023-06-19,209.33
Server4,2023-06-20,210.0
Server4,2023-06-21,209.51
Server4,2023-06-22,209.87
Server4,2023-06-23,210.73
Server4,2023-06-24,210.58
Server4,2023-06-25,210.54
Server4,2023-06-26,210.37
Server4,2023-06-27,210.22
Server4,2023-06-28,209.49
Server4,2023-06-29,208.92
Server4,2023-06-30,209.06
Server4,2023-07-01,209.92
Server4,2023-07-02,209.71
Server4,2023-07-03,209.49
Server4,2023-07-04,210.44
Server4,2023-07-05,209.99
Server4,2023-07-06,209.25
Server4,2023-07-07,208.94
Server4,2023-07-08,208.71
Server4,2023-07-09,207.94
Server4,2023-07-10,207.97
Server4,2023-07-11,208.55
Server4,2023-07-12,208.0
Server4,2023-07-13,208.15
Server4,2023-07-14,208.44
Server4,2023-07-15,208.5
Server4,2023-07-16,208.7
Server4,2023-07-17,208.89
Server4,2023-07-18,208.59
Server4,2023-07-19,209.44
Server4,2023-07-20,210.16
Server4,2023-07-21,210.86
Server4,2023-07-22,211.46
Server4,2023-07-23,210.78
Server4,2023-07-24,211.34
Server4,2023-07-25,211.77
Server4,2023-07-26,211.1
Server4,2023-07-27,211.09
Server4,2023-07-28,211.33
Server4,2023-07-29,212.26
Server4,2023-07-30,212.72
Server4,2023-07-31,212.39
Server4,2023-08-01,213.34
Server4,2023-08-02,213.46
Server4,2023-08-03,213.43
Server4,2023-08-04,213.37
Server4,2023-08-05,212.66
Server4,2023-08-06,212.7
Server4,2023-08-07,213.05
Server4,2023-08-08,212.96
Server4,2023-08-09,213.27
Server4,2023-08-10,212.94
Server4,2023-08-11,212.97
Server4,2023-08-12,213.22
Server4,2023-08-13,213.42
Server4,2023-08-14,212.72
Server4,2023-08-15,212.6
Server4,2023-08-16,213.54
Server4,2023-08-17,213.39
Server4,2023-08-18,213.5
Server4,2023-08-19,213.55
Server4,2023-08-20,214.44
Server4,2023-08-21,215.18
Server4,2023-08-22,215.69
Server4,2023-08-23,215.3
Server4,2023-08-24,215.58
Server4,2023-08-25,215.96
Server4,2023-08-26,215.71
Server4,2023-08-27,215.38
Server4,2023-08-28,216.33
Server4,2023-08-29,216.28
Server4,2023-08-30,217.19
Server4,2023-08-31,217.79
Server4,2023-09-01,218.09
Server4,2023-09-02,218.42
Server4,2023-09-03,217.82
Server4,2023-09-04,218.02
Server4,2023-09-05,218.83
Server4,2023-09-06,219.27
Server4,2023-09-07,219.45
Server4,2023-09-08,220.4
Server4,2023-09-09,220.41
Server4,2023-09-10,220.2
Server4,2023-09-11,220.38
Server4,2023-09-12,220.86
Server4,2023-09-13,220.1
Server4,2023-09-14,220.34
Server4,2023-09-15,220.85
Server4,2023-09-16,220.82
Server4,2023-09-17,221.47
Server4,2023-09-18,221.89
Server4,2023-09-19,223.06
Server4,2023-09-20,222.78
Server4,2023-09-21,223.3
Server4,2023-09-22,222.89
Server4,2023-09-23,222.18
Server4,2023-09-24,221.27
Server4,2023-09-25,221.64
Server4,2023-09-26,221.83
Server4,2023-09-27,221.69
Server4,2023-09-28,220.9
Server4,2023-09-29,220.66
Server4,2023-09-30,220.76
Server4,2023-10-01,221.25
Server4,2023-10-02,221.35
Server4,2023-10-03,221.57
Server4,2023-10-04,221.48
Server4,2023-10-05,222.46
Server4,2023-10-06,222.05
Server4,2023-10-07,221.8
Server4,2023-10-08,221.65
Server4,2023-10-09,222.03
Server4,2023-10-10,221.61
Server4,2023-10-11,221.77
Server4,2023-10-12,221.96
Server4,2023-10-13,221.71
Server4,2023-10-14,221.97
Server4,2023-10-15,221.57
Server4,2023-10-16,221.11
Server4,2023-10-17,221.26
Server4,2023-10-18,220.53
Server4,2023-10-19,219.56
Server4,2023-10-20,219.93
Server4,2023-10-21,220.55
Server4,2023-10-22,220.42
Server4,2023-10-23,220.18
Server4,2023-10-24,220.79
Server4,2023-10-25,220.31
Server4,2023-10-26,219.73
Server4,2023-10-27,220.18
Server4,2023-10-28,220.29
Server4,2023-10-29,220.92
Server4,2023-10-30,219.95
Server4,2023-10-31,219.35
Server4,2023-11-01,219.46
Server4,2023-11-02,219.77
Server4,2023-11-03,220.29
Server4,2023-11-04,220.48
Server4,2023-11-05,220.66
Server4,2023-11-06,220.57
Server4,2023-11-07,221.46
Server4,2023-11-08,221.01
Server4,2023-11-09,221.29
Server4,2023-11-10,220.9
Server4,2023-11-11,221.26
Server4,2023-11-12,220.84
Server4,2023-11-13,221.32
Server4,2023-11-14,221.47
Server4,2023-11-15,222.44
Server4,2023-11-16,222.4
Server4,2023-11-17,222.72
Server4,2023-11-18,222.43
Server4,2023-11-19,222.38
Server4,2023-11-20,222.54
Server4,2023-11-21,221.87
Server4,2023-11-22,221.26
Server4,2023-11-23,221.66
Server4,2023-11-24,221.69
Server4,2023-11-25,221.49
Server4,2023-11-26,221.22
Server4,2023-11-27,220.98
Server4,2023-11-28,221.13
Server4,2023-11-29,221.45
Server4,2023-11-30,220.51
Server4,2023-12-01,221.31
Server4,2023-12-02,222.09
Server4,2023-12-03,221.02
Server4,2023-12-04,221.66
Server4,2023-12-05,222.29
Server4,2023-12-06,222.39
Server4,2023-12-07,221.84
Server4,2023-12-08,222.45
Server4,2023-12-09,222.43
Server4,2023-12-10,222.8
Server4,2023-12-11,224.01
Server4,2023-12-12,224.24
Server4,2023-12-13,223.88
Server4,2023-12-14,223.81
Server4,2023-12-15,223.52
Server4,2023-12-16,223.84
Server4,2023-12-17,223.53
Server4,2023-12-18,223.4
Server4,2023-12-19,222.85
Server4,2023-12-20,222.89
Server4,2023-12-21,223.08
Server4,2023-12-22,221.83
Server4,2023-12-23,222.06
Server4,2023-12-24,222.14
Server4,2023-12-25,221.86
Server4,2023-12-26,222.97
Server4,2023-12-27,223.55
Server4,2023-12-28,223.1
Server4,2023-12-29,223.62
Server4,2023-12-30,224.34
Server4,2023-12-31,224.51
Server4,2024-01-01,224.79
Server4,2024-01-02,225.06
Server4,2024-01-03,224.12
Server4,2024-01-04,224.12
Server4,2024-01-05,224.1
Server4,2024-01-06,224.92
Server4,2024-01-07,225.19
Server4,2024-01-08,225.14
Server4,2024-01-09,225.19
Server4,2024-01-10,225.8
Server4,2024-01-11,225.81
Server4,2024-01-12,225.56
Server4,2024-01-13,225.53
Server4,2024-01-14,226.1
Server4,2024-01-15,226.44
Server4,2024-01-16,226.57
Server4,2024-01-17,226.76
Server4,2024-01-18,226.58
Server4,2024-01-19,226.58
Server4,2024-01-20,226.35
Server4,2024-01-21,226.31
Server4,2024-01-22,227.08
Server4,2024-01-23,226.64
Server4,2024-01-24,226.4
Server4,2024-01-25,225.87
Server4,2024-01-26,225.23
Server4,2024-01-27,225.24
Server4,2024-01-28,225.03
Server4,2024-01-29,226.01
Server4,2024-01-30,225.97
Server4,2024-01-31,226.71
Server4,2024-02-01,227.3
Server4,2024-02-02,227.29
Server4,2024-02-03,228.45
Server4,2024-02-04,228.68
Server4,2024-02-05,229.54
Server4,2024-02-06,230.34
Server4,2024-02-07,230.65
Server4,2024-02-08,231.12
Server4,2024-02-09,231.53
Server4,2024-02-10,231.06
Server4,2024-02-11,231.19
Server4,2024-02-12,231.83
Server4,2024-02-13,232.69
Server4,2024-02-14,232.43
Server4,2024-02-15,232.79
Server4,2024-02-16,232.97
Server4,2024-02-17,233.01
Server4,2024-02-18,233.29
Server4,2024-02-19,233.5
Server4,2024-02-20,233.87
Server4,2024-02-21,234.69
Server4,2024-02-22,235.18
Server4,2024-02-23,235.44
Server4,2024-02-24,236.47
Server4,2024-02-25,237.12
Server4,2024-02-26,237.18
Server4,2024-02-27,236.67
Server4,2024-02-28,236.28
Server4,2024-02-29,236.84
Server4,2024-03-01,236.63
Server4,2024-03-02,236.22
Server4,2024-03-03,235.94
Server4,2024-03-04,235.7
Server4,2024-03-05,236.23
Server4,2024-03-06,236.25
Server4,2024-03-07,235.66
Server4,2024-03-08,235.78
Server4,2024-03-09,235.99
Server4,2024-03-10,235.85
Server4,2024-03-11,236.53
Server4,2024-03-12,236.42
Server4,2024-03-13,237.07
Server4,2024-03-14,237.47
Server4,2024-03-15,238.03
Server4,2024-03-16,237.58
Server4,2024-03-17,237.73
Server4,2024-03-18,237.8
Server4,2024-03-19,237.19
Server4,2024-03-20,237.85
Server4,2024-03-21,237.54
Server4,2024-03-22,237.33
Server4,2024-03-23,236.93
Server4,2024-03-24,237.38
Server4,2024-03-25,236.71
Server4,2024-03-26,237.12
Server4,2024-03-27,237.74
Server4,2024-03-28,238.11
Server4,2024-03-29,238.57
Server4,2024-03-30,239.05
Server4,2024-03-31,238.67
Server4,2024-04-01,239.49
Server4,2024-04-02,239.36
Server4,2024-04-03,239.43
Server4,2024-04-04,239.36
Server4,2024-04-05,239.71
Server4,2024-04-06,239.54
Server4,2024-04-07,239.67
Server4,2024-04-08,239.15
Server4,2024-04-09,239.84
Server4,2024-04-10,240.27
Server4,2024-04-11,240.23
Server4,2024-04-12,240.09
Server4,2024-04-13,240.51
Server4,2024-04-14,240.26
Server4,2024-04-15,240.42
Server4,2024-04-16,241.1
Server4,2024-04-17,240.8
Server4,2024-04-18,241.08
Server4,2024-04-19,241.34
Server4,2024-04-20,241.39
Server4,2024-04-21,241.24
Server4,2024-04-22,241.95
Server4,2024-04-23,241.75
Server4,2024-04-24,240.94
Server4,2024-04-25,241.36
Server4,2024-04-26,240.86
Server4,2024-04-27,241.31
Server4,2024-04-28,242.08
Server4,2024-04-29,242.49
Server4,2024-04-30,243.13
Server4,2024-05-01,244.24
Server4,2024-05-02,244.82
Server4,2024-05-03,245.08
Server4,2024-05-04,246.0
Server4,2024-05-05,246.98
Server4,2024-05-06,247.96
Server4,2024-05-07,247.82
Server4,2024-05-08,247.24
Server4,2024-05-09,247.06
Server4,2024-05-10,247.52
Server4,2024-05-11,247.7
Server4,2024-05-12,247.69
Server4,2024-05-13,248.07
Server4,2024-05-14,247.44
Server4,2024-05-15,247.61
Server4,2024-05-16,248.27
Server4,2024-05-17,248.64
Server4,2024-05-18,249.09
Server4,2024-05-19,249.99
Server4,2024-05-20,250.05
Server4,2024-05-21,249.83
Server4,2024-05-22,250.52
Server4,2024-05-23,251.21
Server4,2024-05-24,251.59
Server4,2024-05-25,251.61
Server4,2024-05-26,251.71
Server4,2024-05-27,251.17
Server4,2024-05-28,251.82
Server4,2024-05-29,252.46
Server4,2024-05-30,251.91
Server4,2024-05-31,252.44
Server4,2024-06-01,252.74
Server4,2024-06-02,252.33
Server4,2024-06-03,251.83
Server4,2024-06-04,252.12
Server4,2024-06-05,252.02
Server4,2024-06-06,253.03
Server4,2024-06-07,253.6
Server4,2024-06-08,253.94
Server4,2024-06-09,254.3
Server4,2024-06-10,255.07
Server4,2024-06-11,255.59
Server4,2024-06-12,255.94
Server4,2024-06-13,255.55
Server4,2024-06-14,257.18
Server4,2024-06-15,256.73
Server4,2024-06-16,256.67
Server4,2024-06-17,255.95
Server4,2024-06-18,256.32
Server4,2024-06-19,256.49
Server4,2024-06-20,256.97
Server4,2024-06-21,256.2
Server4,2024-06-22,256.86
Server4,2024-06-23,256.56
Server4,2024-06-24,256.58
Server4,2024-06-25,257.15
Server4,2024-06-26,257.38
Server4,2024-06-27,257.64
Server4,2024-06-28,258.14
Server4,2024-06-29,258.46
Server4,2024-06-30,258.39
Server4,2024-07-01,258.4
Server4,2024-07-02,258.61
Server4,2024-07-03,258.26
Server4,2024-07-04,258.86
Server4,2024-07-05,259.11
Server4,2024-07-06,259.24
Server4,2024-07-07,259.94
Server4,2024-07-08,259.98
Server4,2024-07-09,259.99
Server4,2024-07-10,259.85
Server4,2024-07-11,260.12
Server4,2024-07-12,260.37
Server4,2024-07-13,260.14
Server4,2024-07-14,260.15
Server4,2024-07-15,259.92
Server4,2024-07-16,259.67
Server4,2024-07-17,258.9
Server4,2024-07-18,258.89
Server4,2024-07-19,258.14
Server4,2024-07-20,258.0
Server4,2024-07-21,257.8
Server4,2024-07-22,258.42
Server4,2024-07-23,258.02
Server4,2024-07-24,257.74
Server4,2024-07-25,257.64
Server4,2024-07-26,257.45
Server4,2024-07-27,258.24
Server4,2024-07-28,257.77
Server4,2024-07-29,257.68
Server4,2024-07-30,257.95
Server4,2024-07-31,258.49
Server4,2024-08-01,258.4
Server4,2024-08-02,257.54
Server4,2024-08-03,257.56
Server4,2024-08-04,258.34
Server4,2024-08-05,258.58
Server4,2024-08-06,258.8
Server4,2024-08-07,258.37
Server4,2024-08-08,257.88
Server4,2024-08-09,257.99
Server4,2024-08-10,257.38
Server4,2024-08-11,257.87
Server4,2024-08-12,257.55
Server4,2024-08-13,257.63
Server4,2024-08-14,256.79
Server4,2024-08-15,256.69
Server4,2024-08-16,256.2
Server4,2024-08-17,255.14
Server4,2024-08-18,255.51
Server4,2024-08-19,256.43
Server4,2024-08-20,257.1
Server4,2024-08-21,257.54
Server4,2024-08-22,257.43
Server4,2024-08-23,257.93
Server4,2024-08-24,258.65
Server4,2024-08-25,258.81
Server4,2024-08-26,258.32
Server4,2024-08-27,258.17
Server4,2024-08-28,259.12
Server4,2024-08-29,259.19
Server4,2024-08-30,257.62
Server4,2024-08-31,256.99
Server4,2024-09-01,256.88
Server4,2024-09-02,257.5
Server4,2024-09-03,257.46
Server4,2024-09-04,258.09
Server4,2024-09-05,257.92
Server4,2024-09-06,257.04
Server4,2024-09-07,256.89
Server4,2024-09-08,257.17
Server4,2024-09-09,257.4
Server4,2024-09-10,256.87
Server4,2024-09-11,256.8
Server4,2024-09-12,258.24
Server4,2024-09-13,257.72
Server4,2024-09-14,258.15
Server4,2024-09-15,257.2
Server4,2024-09-16,257.73
Server4,2024-09-17,257.39
Server4,2024-09-18,257.69
Server4,2024-09-19,257.14
Server4,2024-09-20,257.39
Server4,2024-09-21,257.04
Server4,2024-09-22,256.78
Server4,2024-09-23,257.1
Server4,2024-09-24,256.98
Server4,2024-09-25,257.27
Server4,2024-09-26,257.28
Server4,2024-09-27,257.41
Server4,2024-09-28,257.73
Server4,2024-09-29,257.66
Server4,2024-09-30,257.26
Server4,2024-10-01,257.1
Server4,2024-10-02,257.79
Server4,2024-10-03,257.95
Server4,2024-10-04,257.63
Server4,2024-10-05,257.93
Server4,2024-10-06,258.26
Server4,2024-10-07,258.62
Server4,2024-10-08,258.23
Server4,2024-10-09,257.99
Server4,2024-10-10,257.75
Server4,2024-10-11,257.67
Server4,2024-10-12,258.04
Server4,2024-10-13,258.29
Server4,2024-10-14,258.58
Server4,2024-10-15,259.36
Server4,2024-10-16,259.8
Server4,2024-10-17,259.83
Server4,2024-10-18,259.34
Server4,2024-10-19,259.08
Server4,2024-10-20,259.05
Server4,2024-10-21,259.56
Server4,2024-10-22,259.65
Server4,2024-10-23,259.42
Server4,2024-10-24,259.16
Server4,2024-10-25,259.22
Server4,2024-10-26,259.77
Server4,2024-10-27,260.66
Server4,2024-10-28,260.66
Server4,2024-10-29,260.74
Server4,2024-10-30,260.23
Server4,2024-10-31,261.3
Server4,2024-11-01,260.7
Server4,2024-11-02,261.38
Server4,2024-11-03,261.3
Server4,2024-11-04,261.1
Server4,2024-11-05,260.65
Server4,2024-11-06,261.95
Server4,2024-11-07,262.16
Server4,2024-11-08,262.27
Server4,2024-11-09,262.82
Server4,2024-11-10,262.59
Server4,2024-11-11,262.69
Server4,2024-11-12,262.82
Server4,2024-11-13,262.66
Server4,2024-11-14,263.36
Server4,2024-11-15,263.36
Server4,2024-11-16,262.68
Server4,2024-11-17,262.63
Server4,2024-11-18,262.85
Server4,2024-11-19,262.51
Server4,2024-11-20,262.2
Server4,2024-11-21,262.03
Server4,2024-11-22,262.74
Server4,2024-11-23,262.59
Server4,2024-11-24,263.41
Server4,2024-11-25,263.2
Server4,2024-11-26,263.46
Server4,2024-11-27,263.34
Server4,2024-11-28,263.82
Server4,2024-11-29,263.36
Server4,2024-11-30,263.83
Server4,2024-12-01,263.99
Server4,2024-12-02,263.77
Server4,2024-12-03,263.78
Server4,2024-12-04,264.65
Server4,2024-12-05,264.82
Server4,2024-12-06,264.57
Server4,2024-12-07,264.06
Server4,2024-12-08,264.42
Server4,2024-12-09,264.61
Server4,2024-12-10,265.06
Server4,2024-12-11,264.43
Server4,2024-12-12,263.95
Server4,2024-12-13,264.62
Server4,2024-12-14,264.88
Server4,2024-12-15,265.25
Server4,2024-12-16,264.87
Server4,2024-12-17,264.48
Server4,2024-12-18,265.07
Server4,2024-12-19,265.69
Server4,2024-12-20,265.25
Server4,2024-12-21,264.71
Server4,2024-12-22,264.76
Server4,2024-12-23,264.46
Server4,2024-12-24,264.15
Server4,2024-12-25,263.62
Server4,2024-12-26,263.49
Server4,2024-12-27,263.01
Server4,2024-12-28,262.56
Server4,2024-12-29,262.81
Server4,2024-12-30,262.88
Server4,2024-12-31,263.23
Server5,2023-01-01,388.44
Server5,2023-01-02,388.97
Server5,2023-01-03,388.79
Server5,2023-01-04,388.46
Server5,2023-01-05,388.46
Server5,2023-01-06,389.3
Server5,2023-01-07,389.2
Server5,2023-01-08,389.59
Server5,2023-01-09,390.05
Server5,2023-01-10,390.37
Server5,2023-01-11,391.11
Server5,2023-01-12,390.86
Server5,2023-01-13,390.43
Server5,2023-01-14,390.0
Server5,2023-01-15,390.03
Server5,2023-01-16,389.66
Server5,2023-01-17,389.83
Server5,2023-01-18,389.97
Server5,2023-01-19,390.58
Server5,2023-01-20,390.82
Server5,2023-01-21,390.72
Server5,2023-01-22,391.02
Server5,2023-01-23,390.61
Server5,2023-01-24,390.69
Server5,2023-01-25,390.95
Server5,2023-01-26,391.11
Server5,2023-01-27,391.42
Server5,2023-01-28,391.2
Server5,2023-01-29,391.87
Server5,2023-01-30,392.88
Server5,2023-01-31,392.18
Server5,2023-02-01,391.67
Server5,2023-02-02,391.8
Server5,2023-02-03,391.77
Server5,2023-02-04,392.82
Server5,2023-02-05,393.03
Server5,2023-02-06,393.82
Server5,2023-02-07,392.9
Server5,2023-02-08,393.4
Server5,2023-02-09,393.15
Server5,2023-02-10,392.88
Server5,2023-02-11,392.86
Server5,2023-02-12,392.24
Server5,2023-02-13,392.57
Server5,2023-02-14,392.76
Server5,2023-02-15,392.99
Server5,2023-02-16,393.54
Server5,2023-02-17,394.4
Server5,2023-02-18,394.31
Server5,2023-02-19,394.65
Server5,2023-02-20,394.9
Server5,2023-02-21,395.19
Server5,2023-02-22,395.48
Server5,2023-02-23,396.38
Server5,2023-02-24,396.25
Server5,2023-02-25,395.59
Server5,2023-02-26,395.34
Server5,2023-02-27,395.82
Server5,2023-02-28,395.93
Server5,2023-03-01,395.79
Server5,2023-03-02,395.36
Server5,2023-03-03,395.57
Server5,2023-03-04,395.99
Server5,2023-03-05,396.24
Server5,2023-03-06,396.21
Server5,2023-03-07,396.39
Server5,2023-03-08,396.56
Server5,2023-03-09,396.75
Server5,2023-03-10,396.26
Server5,2023-03-11,396.46
Server5,2023-03-12,396.34
Server5,2023-03-13,396.96
Server5,2023-03-14,397.13
Server5,2023-03-15,397.64
Server5,2023-03-16,397.59
Server5,2023-03-17,397.56
Server5,2023-03-18,398.41
Server5,2023-03-19,398.73
Server5,2023-03-20,398.47
Server5,2023-03-21,399.02
Server5,2023-03-22,398.85
Server5,2023-03-23,399.06
Server5,2023-03-24,400.08
Server5,2023-03-25,399.47
Server5,2023-03-26,399.48
Server5,2023-03-27,399.78
Server5,2023-03-28,400.26
Server5,2023-03-29,399.74
Server5,2023-03-30,399.08
Server5,2023-03-31,399.72
Server5,2023-04-01,399.46
Server5,2023-04-02,399.18
Server5,2023-04-03,400.06
Server5,2023-04-04,400.19
Server5,2023-04-05,400.33
Server5,2023-04-06,400.34
Server5,2023-04-07,399.83
Server5,2023-04-08,400.26
Server5,2023-04-09,400.57
Server5,2023-04-10,400.75
Server5,2023-04-11,400.79
Server5,2023-04-12,400.75
Server5,2023-04-13,401.31
Server5,2023-04-14,401.33
Server5,2023-04-15,401.4
Server5,2023-04-16,401.77
Server5,2023-04-17,401.97
Server5,2023-04-18,402.89
Server5,2023-04-19,402.11
Server5,2023-04-20,402.36
Server5,2023-04-21,402.11
Server5,2023-04-22,401.74
Server5,2023-04-23,401.61
Server5,2023-04-24,401.74
Server5,2023-04-25,401.89
Server5,2023-04-26,401.23
Server5,2023-04-27,401.06
Server5,2023-04-28,401.3
Server5,2023-04-29,400.96
Server5,2023-04-30,400.5
Server5,2023-05-01,399.47
Server5,2023-05-02,399.24
Server5,2023-05-03,398.77
Server5,2023-05-04,398.38
Server5,2023-05-05,398.34
Server5,2023-05-06,398.14
Server5,2023-05-07,397.66
Server5,2023-05-08,396.7
Server5,2023-05-09,396.95
Server5,2023-05-10,397.43
Server5,2023-05-11,397.33
Server5,2023-05-12,397.29
Server5,2023-05-13,397.4
Server5,2023-05-14,398.29
Server5,2023-05-15,397.6
Server5,2023-05-16,397.49
Server5,2023-05-17,396.73
Server5,2023-05-18,397.01
Server5,2023-05-19,397.04
Server5,2023-05-20,397.24
Server5,2023-05-21,397.42
Server5,2023-05-22,398.02
Server5,2023-05-23,398.39
Server5,2023-05-24,398.9
Server5,2023-05-25,398.47
Server5,2023-05-26,399.16
Server5,2023-05-27,398.9
Server5,2023-05-28,398.67
Server5,2023-05-29,398.91
Server5,2023-05-30,399.16
Server5,2023-05-31,398.72
Server5,2023-06-01,398.73
Server5,2023-06-02,399.58
Server5,2023-06-03,398.94
Server5,2023-06-04,399.79
Server5,2023-06-05,399.77
Server5,2023-06-06,398.7
Server5,2023-06-07,398.11
Server5,2023-06-08,397.73
Server5,2023-06-09,397.52
Server5,2023-06-10,397.57
Server5,2023-06-11,396.32
Server5,2023-06-12,396.51
Server5,2023-06-13,396.08
Server5,2023-06-14,396.88
Server5,2023-06-15,396.84
Server5,2023-06-16,397.41
Server5,2023-06-17,398.07
Server5,2023-06-18,398.71
Server5,2023-06-19,398.53
Server5,2023-06-20,398.34
Server5,2023-06-21,398.33
Server5,2023-06-22,398.74
Server5,2023-06-23,398.59
Server5,2023-06-24,398.63
Server5,2023-06-25,398.86
Server5,2023-06-26,398.51
Server5,2023-06-27,398.13
Server5,2023-06-28,398.15
Server5,2023-06-29,398.24
Server5,2023-06-30,398.55
Server5,2023-07-01,398.99
Server5,2023-07-02,398.54
Server5,2023-07-03,398.23
Server5,2023-07-04,397.85
Server5,2023-07-05,398.65
Server5,2023-07-06,398.69
Server5,2023-07-07,398.8
Server5,2023-07-08,398.93
Server5,2023-07-09,398.67
Server5,2023-07-10,399.56
Server5,2023-07-11,399.86
Server5,2023-07-12,399.98
Server5,2023-07-13,399.53
Server5,2023-07-14,399.05
Server5,2023-07-15,398.99
Server5,2023-07-16,398.74
Server5,2023-07-17,398.31
Server5,2023-07-18,398.22
Server5,2023-07-19,398.22
Server5,2023-07-20,398.39
Server5,2023-07-21,398.23
Server5,2023-07-22,397.83
Server5,2023-07-23,397.44
Server5,2023-07-24,398.15
Server5,2023-07-25,397.62
Server5,2023-07-26,397.91
Server5,2023-07-27,398.27
Server5,2023-07-28,398.31
Server5,2023-07-29,399.29
Server5,2023-07-30,399.64
Server5,2023-07-31,400.66
Server5,2023-08-01,400.44
Server5,2023-08-02,400.22
Server5,2023-08-03,400.58
Server5,2023-08-04,400.55
Server5,2023-08-05,401.5
Server5,2023-08-06,401.77
Server5,2023-08-07,401.34
Server5,2023-08-08,400.58
Server5,2023-08-09,400.64
Server5,2023-08-10,400.69
Server5,2023-08-11,400.95
Server5,2023-08-12,401.65
Server5,2023-08-13,402.29
Server5,2023-08-14,402.1
Server5,2023-08-15,401.56
Server5,2023-08-16,401.04
Server5,2023-08-17,400.77
Server5,2023-08-18,400.69
Server5,2023-08-19,400.94
Server5,2023-08-20,400.64
Server5,2023-08-21,400.88
Server5,2023-08-22,401.16
Server5,2023-08-23,401.33
Server5,2023-08-24,400.87
Server5,2023-08-25,401.2
Server5,2023-08-26,402.34
Server5,2023-08-27,402.57
Server5,2023-08-28,401.19
Server5,2023-08-29,401.91
Server5,2023-08-30,401.66
Server5,2023-08-31,402.89
Server5,2023-09-01,403.05
Server5,2023-09-02,402.31
Server5,2023-09-03,401.38
Server5,2023-09-04,402.25
Server5,2023-09-05,402.9
Server5,2023-09-06,404.11
Server5,2023-09-07,404.22
Server5,2023-09-08,404.29
Server5,2023-09-09,404.2
Server5,2023-09-10,403.97
Server5,2023-09-11,403.87
Server5,2023-09-12,404.08
Server5,2023-09-13,403.76
Server5,2023-09-14,403.02
Server5,2023-09-15,403.2
Server5,2023-09-16,402.87
Server5,2023-09-17,401.35
Server5,2023-09-18,401.73
Server5,2023-09-19,401.27
Server5,2023-09-20,401.7
Server5,2023-09-21,402.12
Server5,2023-09-22,402.36
Server5,2023-09-23,403.71
Server5,2023-09-24,403.74
Server5,2023-09-25,403.7
Server5,2023-09-26,404.14
Server5,2023-09-27,404.22
Server5,2023-09-28,404.9
Server5,2023-09-29,404.36
Server5,2023-09-30,403.84
Server5,2023-10-01,404.32
Server5,2023-10-02,403.84
Server5,2023-10-03,404.24
Server5,2023-10-04,404.53
Server5,2023-10-05,404.28
Server5,2023-10-06,404.56
Server5,2023-10-07,404.04
Server5,2023-10-08,403.64
Server5,2023-10-09,403.63
Server5,2023-10-10,403.77
Server5,2023-10-11,403.71
Server5,2023-10-12,404.03
Server5,2023-10-13,404.32
Server5,2023-10-14,405.19
Server5,2023-10-15,405.24
Server5,2023-10-16,405.94
Server5,2023-10-17,406.5
Server5,2023-10-18,407.75
Server5,2023-10-19,407.78
Server5,2023-10-20,407.67
Server5,2023-10-21,408.4
Server5,2023-10-22,408.69
Server5,2023-10-23,409.43
Server5,2023-10-24,409.89
Server5,2023-10-25,408.94
Server5,2023-10-26,409.23
Server5,2023-10-27,409.48
Server5,2023-10-28,409.65
Server5,2023-10-29,409.68
Server5,2023-10-30,408.99
Server5,2023-10-31,409.52
Server5,2023-11-01,409.81
Server5,2023-11-02,410.46
Server5,2023-11-03,409.79
Server5,2023-11-04,410.15
Server5,2023-11-05,410.13
Server5,2023-11-06,410.3
Server5,2023-11-07,410.29
Server5,2023-11-08,410.66
Server5,2023-11-09,410.68
Server5,2023-11-10,410.25
Server5,2023-11-11,410.4
Server5,2023-11-12,410.39
Server5,2023-11-13,410.45
Server5,2023-11-14,408.95
Server5,2023-11-15,409.4
Server5,2023-11-16,409.34
Server5,2023-11-17,408.76
Server5,2023-11-18,409.33
Server5,2023-11-19,409.74
Server5,2023-11-20,409.68
Server5,2023-11-21,409.2
Server5,2023-11-22,409.39
Server5,2023-11-23,409.55
Server5,2023-11-24,410.12
Server5,2023-11-25,410.0
Server5,2023-11-26,410.69
Server5,2023-11-27,410.52
Server5,2023-11-28,409.95
Server5,2023-11-29,409.48
Server5,2023-11-30,409.55
Server5,2023-12-01,409.62
Server5,2023-12-02,409.88
Server5,2023-12-03,409.94
Server5,2023-12-04,410.53
Server5,2023-12-05,410.5
Server5,2023-12-06,409.6
Server5,2023-12-07,409.64
Server5,2023-12-08,408.73
Server5,2023-12-09,408.97
Server5,2023-12-10,409.6
Server5,2023-12-11,409.21
Server5,2023-12-12,410.01
Server5,2023-12-13,410.54
Server5,2023-12-14,411.24
Server5,2023-12-15,411.43
Server5,2023-12-16,411.04
Server5,2023-12-17,411.53
Server5,2023-12-18,411.32
Server5,2023-12-19,411.47
Server5,2023-12-20,411.49
Server5,2023-12-21,412.15
Server5,2023-12-22,412.62
Server5,2023-12-23,412.68
Server5,2023-12-24,411.8
Server5,2023-12-25,411.58
Server5,2023-12-26,412.03
Server5,2023-12-27,412.28
Server5,2023-12-28,411.62
Server5,2023-12-29,410.82
Server5,2023-12-30,411.02
Server5,2023-12-31,410.59
Server5,2024-01-01,410.21
Server5,2024-01-02,410.65
Server5,2024-01-03,411.35
Server5,2024-01-04,411.07
Server5,2024-01-05,411.15
Server5,2024-01-06,411.21
Server5,2024-01-07,411.23
Server5,2024-01-08,411.35
Server5,2024-01-09,411.83
Server5,2024-01-10,411.59
Server5,2024-01-11,410.93
Server5,2024-01-12,411.87
Server5,2024-01-13,412.52
Server5,2024-01-14,412.07
Server5,2024-01-15,412.23
Server5,2024-01-16,412.84
Server5,2024-01-17,413.31
Server5,2024-01-18,413.64
Server5,2024-01-19,413.66
Server5,2024-01-20,414.62
Server5,2024-01-21,414.83
Server5,2024-01-22,414.68
Server5,2024-01-23,415.21
Server5,2024-01-24,415.36
Server5,2024-01-25,415.63
Server5,2024-01-26,415.84
Server5,2024-01-27,416.18
Server5,2024-01-28,415.8
Server5,2024-01-29,415.17
Server5,2024-01-30,415.99
Server5,2024-01-31,416.21
Server5,2024-02-01,416.7
Server5,2024-02-02,415.92
Server5,2024-02-03,416.55
Server5,2024-02-04,416.39
Server5,2024-02-05,416.09
Server5,2024-02-06,416.16
Server5,2024-02-07,415.77
Server5,2024-02-08,415.87
Server5,2024-02-09,415.9
Server5,2024-02-10,416.53
Server5,2024-02-11,417.38
Server5,2024-02-12,418.22
Server5,2024-02-13,417.19
Server5,2024-02-14,416.83
Server5,2024-02-15,415.79
Server5,2024-02-16,415.29
Server5,2024-02-17,415.07
Server5,2024-02-18,415.37
Server5,2024-02-19,415.21
Server5,2024-02-20,415.07
Server5,2024-02-21,415.26
Server5,2024-02-22,414.5
Server5,2024-02-23,414.18
Server5,2024-02-24,414.03
Server5,2024-02-25,414.03
Server5,2024-02-26,414.17
Server5,2024-02-27,415.02
Server5,2024-02-28,415.57
Server5,2024-02-29,415.29
Server5,2024-03-01,415.26
Server5,2024-03-02,415.19
Server5,2024-03-03,415.04
Server5,2024-03-04,415.27
Server5,2024-03-05,414.44
Server5,2024-03-06,414.98
Server5,2024-03-07,415.93
Server5,2024-03-08,415.89
Server5,2024-03-09,415.85
Server5,2024-03-10,416.03
Server5,2024-03-11,416.64
Server5,2024-03-12,416.58
Server5,2024-03-13,417.14
Server5,2024-03-14,417.49
Server5,2024-03-15,418.77
Server5,2024-03-16,418.7
Server5,2024-03-17,417.81
Server5,2024-03-18,417.2
Server5,2024-03-19,417.3
Server5,2024-03-20,417.92
Server5,2024-03-21,417.69
Server5,2024-03-22,417.68
Server5,2024-03-23,418.12
Server5,2024-03-24,417.74
Server5,2024-03-25,417.53
Server5,2024-03-26,417.05
Server5,2024-03-27,417.74
Server5,2024-03-28,418.61
Server5,2024-03-29,417.92
Server5,2024-03-30,417.95
Server5,2024-03-31,418.75
Server5,2024-04-01,419.05
Server5,2024-04-02,418.9
Server5,2024-04-03,418.23
Server5,2024-04-04,418.91
Server5,2024-04-05,419.19
Server5,2024-04-06,418.55
Server5,2024-04-07,419.25
Server5,2024-04-08,418.55
Server5,2024-04-09,418.54
Server5,2024-04-10,418.5
Server5,2024-04-11,419.41
Server5,2024-04-12,419.38
Server5,2024-04-13,419.35
Server5,2024-04-14,418.77
Server5,2024-04-15,418.55
Server5,2024-04-16,418.24
Server5,2024-04-17,417.96
Server5,2024-04-18,418.06
Server5,2024-04-19,416.94
Server5,2024-04-20,416.29
Server5,2024-04-21,416.33
Server5,2024-04-22,416.49
Server5,2024-04-23,416.48
Server5,2024-04-24,416.56
Server5,2024-04-25,416.45
Server5,2024-04-26,416.54
Server5,2024-04-27,416.86
Server5,2024-04-28,417.17
Server5,2024-04-29,416.93
Server5,2024-04-30,417.49
Server5,2024-05-01,417.66
Server5,2024-05-02,418.38
Server5,2024-05-03,419.2
Server5,2024-05-04,418.58
Server5,2024-05-05,418.25
Server5,2024-05-06,418.75
Server5,2024-05-07,418.02
Server5,2024-05-08,418.83
Server5,2024-05-09,418.76
Server5,2024-05-10,419.15
Server5,2024-05-11,419.19
Server5,2024-05-12,418.59
Server5,2024-05-13,419.22
Server5,2024-05-14,420.69
Server5,2024-05-15,420.54
Server5,2024-05-16,420.48
Server5,2024-05-17,419.25
Server5,2024-05-18,420.03
Server5,2024-05-19,420.58
Server5,2024-05-20,419.82
Server5,2024-05-21,418.88
Server5,2024-05-22,418.01
Server5,2024-05-23,418.43
Server5,2024-05-24,418.9
Server5,2024-05-25,418.54
Server5,2024-05-26,418.89
Server5,2024-05-27,419.07
Server5,2024-05-28,418.99
Server5,2024-05-29,419.57
Server5,2024-05-30,419.07
Server5,2024-05-31,419.74
Server5,2024-06-01,419.48
Server5,2024-06-02,420.47
Server5,2024-06-03,420.07
Server5,2024-06-04,419.99
Server5,2024-06-05,420.12
Server5,2024-06-06,420.25
Server5,2024-06-07,420.59
Server5,2024-06-08,420.05
Server5,2024-06-09,420.13
Server5,2024-06-10,420.3
Server5,2024-06-11,420.14
Server5,2024-06-12,420.44
Server5,2024-06-13,419.87
Server5,2024-06-14,419.8
Server5,2024-06-15,419.53
Server5,2024-06-16,419.46
Server5,2024-06-17,420.29
Server5,2024-06-18,421.12
Server5,2024-06-19,421.86
Server5,2024-06-20,421.73
Server5,2024-06-21,422.28
Server5,2024-06-22,422.44
Server5,2024-06-23,422.56
Server5,2024-06-24,422.62
Server5,2024-06-25,423.6
Server5,2024-06-26,424.38
Server5,2024-06-27,424.85
Server5,2024-06-28,424.87
Server5,2024-06-29,424.99
Server5,2024-06-30,425.35
Server5,2024-07-01,425.19
Server5,2024-07-02,425.76
Server5,2024-07-03,425.4
Server5,2024-07-04,425.7
Server5,2024-07-05,424.65
Server5,2024-07-06,424.48
Server5,2024-07-07,425.62
Server5,2024-07-08,426.23
Server5,2024-07-09,427.1
Server5,2024-07-10,426.87
Server5,2024-07-11,427.02
Server5,2024-07-12,427.76
Server5,2024-07-13,428.18
Server5,2024-07-14,428.53
Server5,2024-07-15,429.45
Server5,2024-07-16,429.03
Server5,2024-07-17,429.04
Server5,2024-07-18,428.26
Server5,2024-07-19,427.81
Server5,2024-07-20,428.45
Server5,2024-07-21,428.09
Server5,2024-07-22,428.56
Server5,2024-07-23,429.49
Server5,2024-07-24,429.5
Server5,2024-07-25,429.86
Server5,2024-07-26,430.33
Server5,2024-07-27,429.82
Server5,2024-07-28,429.61
Server5,2024-07-29,429.21
Server5,2024-07-30,429.04
Server5,2024-07-31,429.5
Server5,2024-08-01,429.3
Server5,2024-08-02,429.38
Server5,2024-08-03,428.96
Server5,2024-08-04,429.67
Server5,2024-08-05,429.5
Server5,2024-08-06,430.36
Server5,2024-08-07,430.49
Server5,2024-08-08,429.89
Server5,2024-08-09,429.9
Server5,2024-08-10,429.47
Server5,2024-08-11,429.87
Server5,2024-08-12,429.84
Server5,2024-08-13,430.02
Server5,2024-08-14,429.93
Server5,2024-08-15,429.76
Server5,2024-08-16,429.37
Server5,2024-08-17,429.89
Server5,2024-08-18,429.9
Server5,2024-08-19,429.84
Server5,2024-08-20,429.84
Server5,2024-08-21,429.61
Server5,2024-08-22,429.55
Server5,2024-08-23,429.75
Server5,2024-08-24,429.34
Server5,2024-08-25,428.99
Server5,2024-08-26,429.78
Server5,2024-08-27,429.7
Server5,2024-08-28,429.52
Server5,2024-08-29,428.95
Server5,2024-08-30,429.48
Server5,2024-08-31,429.05
Server5,2024-09-01,429.14
Server5,2024-09-02,428.39
Server5,2024-09-03,428.9
Server5,2024-09-04,429.58
Server5,2024-09-05,429.93
Server5,2024-09-06,429.26
Server5,2024-09-07,429.78
Server5,2024-09-08,429.46
Server5,2024-09-09,428.98
Server5,2024-09-10,428.89
Server5,2024-09-11,428.79
Server5,2024-09-12,428.63
Server5,2024-09-13,429.37
Server5,2024-09-14,430.48
Server5,2024-09-15,429.89
Server5,2024-09-16,429.65
Server5,2024-09-17,429.82
Server5,2024-09-18,429.72
Server5,2024-09-19,430.02
Server5,2024-09-20,430.58
Server5,2024-09-21,431.06
Server5,2024-09-22,431.46
Server5,2024-09-23,432.39
Server5,2024-09-24,431.7
Server5,2024-09-25,432.54
Server5,2024-09-26,432.43
Server5,2024-09-27,432.92
Server5,2024-09-28,432.51
Server5,2024-09-29,432.15
Server5,2024-09-30,432.58
Server5,2024-10-01,431.72
Server5,2024-10-02,432.31
Server5,2024-10-03,433.04
Server5,2024-10-04,433.23
Server5,2024-10-05,433.4
Server5,2024-10-06,433.09
Server5,2024-10-07,433.53
Server5,2024-10-08,433.8
Server5,2024-10-09,433.44
Server5,2024-10-10,433.34
Server5,2024-10-11,433.36
Server5,2024-10-12,433.27
Server5,2024-10-13,432.68
Server5,2024-10-14,433.13
Server5,2024-10-15,433.11
Server5,2024-10-16,433.22
Server5,2024-10-17,433.03
Server5,2024-10-18,433.37
Server5,2024-10-19,433.57
Server5,2024-10-20,434.27
Server5,2024-10-21,434.61
Server5,2024-10-22,434.61
Server5,2024-10-23,434.34
Server5,2024-10-24,434.88
Server5,2024-10-25,434.84
Server5,2024-10-26,434.85
Server5,2024-10-27,434.86
Server5,2024-10-28,434.76
Server5,2024-10-29,434.79
Server5,2024-10-30,435.85
Server5,2024-10-31,435.42
Server5,2024-11-01,435.12
Server5,2024-11-02,435.91
Server5,2024-11-03,435.82
Server5,2024-11-04,435.7
Server5,2024-11-05,436.31
Server5,2024-11-06,435.7
Server5,2024-11-07,436.21
Server5,2024-11-08,436.34
Server5,2024-11-09,436.67
Server5,2024-11-10,436.99
Server5,2024-11-11,436.78
Server5,2024-11-12,437.4
Server5,2024-11-13,437.23
Server5,2024-11-14,437.53
Server5,2024-11-15,438.25
Server5,2024-11-16,439.04
Server5,2024-11-17,439.01
Server5,2024-11-18,439.34
Server5,2024-11-19,439.26
Server5,2024-11-20,440.61
Server5,2024-11-21,441.1
Server5,2024-11-22,441.24
Server5,2024-11-23,441.5
Server5,2024-11-24,441.8
Server5,2024-11-25,442.12
Server5,2024-11-26,442.1
Server5,2024-11-27,442.01
Server5,2024-11-28,442.03
Server5,2024-11-29,441.56
Server5,2024-11-30,442.02
Server5,2024-12-01,441.72
Server5,2024-12-02,441.29
Server5,2024-12-03,441.38
Server5,2024-12-04,441.42
Server5,2024-12-05,441.64
Server5,2024-12-06,441.46
Server5,2024-12-07,441.36
Server5,2024-12-08,441.81
Server5,2024-12-09,442.22
Server5,2024-12-10,442.62
Server5,2024-12-11,442.73
Server5,2024-12-12,442.92
Server5,2024-12-13,443.13
Server5,2024-12-14,442.91
Server5,2024-12-15,443.74
Server5,2024-12-16,444.51
Server5,2024-12-17,445.01
Server5,2024-12-18,444.89
Server5,2024-12-19,445.26
Server5,2024-12-20,445.85
Server5,2024-12-21,445.34
Server5,2024-12-22,446.29
Server5,2024-12-23,445.52
Server5,2024-12-24,445.97
Server5,2024-12-25,446.8
Server5,2024-12-26,446.84
Server5,2024-12-27,446.86
Server5,2024-12-28,447.3
Server5,2024-12-29,448.32
Server5,2024-12-30,448.28
Server5,2024-12-31,447.99
